Workbook

Sheet Modelos actuales
A1: id_country | B1: country | C1: iteration_date | D1: # modelos entrenados | E1: Hiperparametros probados | F1: n_model | G1: n_dias_ult_part | H1: n_anios_hist | I1: segun_localia | J1: thr_corr | K1: thr_fs | L1: n_years_to_select | M1: comp_to_select | N1: fill_na | O1: bal_type | P1: Model | Q1: Cantidad de variables | R1: fecha_assess_model | S1: ROI pp promedio top 10 modelos | T1: ROI pp en partido 50 promedio top 10 modelos | U1: ROI pp en partido 100 promedio top 10 modelos | V1: m_to_use | W1: thr_prob_min_best | X1: roi_por_partido en partido 50 | Y1: ROI | Z1: Cantidad de partidos missing | AA1: roi_por_partido | AB1: ROI_por_partido realidad | AC1: Observaciones
A2: 55 | B2: france | C2: 45419 | D2: 2304 | F2: 91 | G2: 30 | H2: 3 | I2: TRUE | J2: 0.8 | K2: 0.2 | L2: 5 | M2: [551, 552, 553, 554] | P2: SVC | Q2: 18 | R2: 45465 | S2: 341.17 | T2: 228.32 | U2: =T2*0.3 -> 68.496 | V2: =U2*'Data preparation'!$B$4/'Data preparation'!$B$3 -> 30 | W2: -0.15 | X2: 15.068419 | Y2: 445.19805 | Z2: 56 | AA2: =Y2/Z2 -> 7.9499651 | AB2: ='Data preparation'!$B$2*AA2 -> 1.1924948
A3: 148 | B3: spain | C3: 45418 | D3: 768 | F3: 300 | G3: 30 | H3: 3 | I3: FALSE | J3: 0.7 | L3: 10 | M3: [1481, 1483, 1484] | N3: ml | O3: under | P3: LogisticRegression | Q3: 32 | R3: 45440 | S3: 47.49 | T3: 182.82 | U3: 46.72 | V3: =U3*'Data preparation'!$B$4/'Data preparation'!$B$3 -> 20.462509 | W3: -0.5 | X3: 1.0888 | Y3: 119.43 | Z3: 91 | AA3: =Y3/Z3 -> 1.3124176 | AB3: ='Data preparation'!$B$2*AA3 -> 0.19686264 | AC3: Todos los modelos de SPA tienen sesgo debido a una mala integracion. Tengo que mejorar la integracion urgentemente Excluyo el modelo que mejor rinde (547) porque claramente es demasiado outlier.
A4: 167 | B4: usa | C4: 45467 | D4: 768 | F4: 27 | G4: 30 | H4: 3 | I4: TRUE | J4: 0.9 | K4: 0.2 | L4: 3 | M4: [1671, 1672] | N4: ml | P4: LogisticRegression | Q4: 20 | R4: 45494 | S4: 17.23 | T4: 3.59 | U4: 38.66 | V4: =U4*'Data preparation'!$B$4/'Data preparation'!$B$3 -> 16.932376 | W4: -0.5 | X4: 0.0825 | Y4: 45.07 | Z4: 139 | AA4: =Y4/Z4 -> 0.3242446 | AB4: ='Data preparation'!$B$2*AA4 -> 0.048636691 | AC4: 21/7 - Paso del modelo 219 al 27 que es igual salvo que is_localia = True. Me parece correcto. A ver si este nuevo modelo tiene menos volatilidad que el 219.
A5: 48 | B5: england | C5: 45419 | D5: 1536 | F5: 808 | G5: 60 | H5: 3 | I5: TRUE | K5: 0.2 | L5: 3 | M5: [481, 482, 483, 484] | N5: ml | O5: under | P5: SVC | Q5: 34 | R5: 45465 | S5: 12.73 | T5: 11.21 | U5: 16.21 | V5: =U5*'Data preparation'!$B$4/'Data preparation'!$B$3 -> 7.0996847 | W5: -0.5 | X5: 0.7596 | Y5: 526.32 | Z5: 119 | AA5: =Y5/Z5 -> 4.4228571 | AB5: ='Data preparation'!$B$2*AA5 -> 0.66342857
A6: 77 | B6: italy | C6: 45498 | D6: 1152 | E6: l_modelos = [LogisticRegression(), SVC()] d_params = { 'construct': { 'n_dias_ult_part': [30, 60], 'n_years_h2h': [3], 'segun_localia': [True, False] }, 'clean_data_2': { 'competencies_to_select': [d_comps['comp_sin_b'], d_comps['all_comp']], 'n_years_to_select': [5, 10, None], }, 'select': { 'thr_corr': [0.7, 0.8, 0.9, None], 'thr_fs': [0.2, 0.1, None], }, 'treat_nan': { 'fill_na': [None, 'ml'], }, 'modeling': { 'val_size': [0.125], 'test_size': [0.125], 'bal_type': [None, 'under'], 'k': [10] } } | F6: 174 | G6: 30 | H6: 3 | I6: TRUE | J6: 0.9 | K6: 0.1 | L6: 5 | M6: [771, 772, 773, 774] | O6: under | P6: SVC | Q6: 35 | R6: 45498 | S6: 15.41 | T6: 1.42 | U6: 15.41 | V6: =U6*'Data preparation'!$B$4/'Data preparation'!$B$3 -> 6.7492992 | W6: -0.5 | X6: 0.047 | Y6: 22.1969 | Z6: 100 | AA6: =Y6/Z6 -> 0.221969 | AB6: ='Data preparation'!$B$2*AA6 -> 0.03329535 | AC6: Antes de incluir Serie B, los promedios en los top 10 modelos eran al menos tres veces mejores y en menos partidos (81 en vez de 100). Claramente la integracion tiene un gran impacto en los resultados. - ROI pp promedio top 10 modelos: 31,4 - ROI pp partido 50 promedio top 10 modelos: 17,3 Pero ahora si tengo la prediccion de partidos jugados por los equipos recien ascendidos como Como, Venezia y Parma.
A7: 59 | B7: germany | C7: 45498 | D7: 1152 | E7: l_modelos = [LogisticRegression(), SVC()] d_params = { 'construct': { 'n_dias_ult_part': [30, 60], 'n_years_h2h': [3], 'segun_localia': [True, False] }, 'clean_data_2': { 'competencies_to_select': [d_comps['comp_sin_b'], d_comps['all_comp']], 'n_years_to_select': [5, 10, None], }, 'select': { 'thr_corr': [0.7, 0.8, 0.9, None], 'thr_fs': [0.2, 0.1, None], }, 'treat_nan': { 'fill_na': [None, 'ml'], }, 'modeling': { 'val_size': [0.125], 'test_size': [0.125], 'bal_type': [None, 'under'], 'k': [10] } } | F7: 287 | G7: 30 | H7: 3 | I7: TRUE | M7: [591, 592, 593, 594] | N7: ml | P7: LogisticRegression | Q7: 47 | R7: 45498 | S7: 6.51 | T7: 21.87 | U7: 8.63 | V7: =U7*'Data preparation'!$B$4/'Data preparation'!$B$3 -> 3.7797828 | W7: -0.15 | X7: 0.3172 | Y7: 16.6877 | Z7: 120 | AA7: =Y7/Z7 -> 0.13906417 | AB7: ='Data preparation'!$B$2*AA7 -> 0.020859625
A8: 6 | B8: argentina | C8: 45419 | D8: 2304 | F8: 779 | G8: 30 | H8: 3 | I8: FALSE | K8: 0.2 | L8: 10 | M8: [61, 62, 64, 65, 66, 67] | N8: ml | O8: under | P8: LogisticRegression | Q8: 21 | R8: 45488 | S8: 8.402 | T8: 3.56 | U8: 8.4 | V8: =U8*'Data preparation'!$B$4/'Data preparation'!$B$3 -> 3.679047 | W8: -0.5 | X8: -0.0006 | Y8: 8.39 | Z8: 92 | AA8: =Y8/Z8 -> 0.091195652 | AB8: ='Data preparation'!$B$2*AA8 -> 0.013679348 | AC8: - No puede predecir rdos de partidos de Riestra ni de Independiente Rivadavia (los recien ascendidos, porque no estan en el fifa 24) - Es logico que ande mal porque los partidos de Copa Argentina son en estadio neutral. Sofifa no le da mucha bola a los equipos de sudamerica. No apostaria en ARG: Todos los modelos de ARG son bastante pedorros. Solo 800 modelos de 2300, tienen rentabilidad al menos 0 o mas de rentabilidad. Ademas, se juega todos los dias y para un apostador te mata.

Sheet Historial de entrenamientos
D1: Entrenamiento | G1: Evaluacion de modelos entrenados
A2: Pais | B2: Fecha | C2: Motivo de corrida | D2: # modelos entrenados | E2: Hiperparametros probados | F2: Tiempo de entrenamiento | G2: ROI pp promedio top 10 modelos | H2: ROI pp en partido 50 promedio top 10 modelos | I2: ROI pp en partido 100 promedio top 10 modelos | J2: En uso? | K2: Motivo de descarte
A3: spain | B3: 45418 | D3: 768 | J3: Si
A4: england | B4: 45419 | D4: 1536 | G4: 12.73 | H4: 11.21 | I4: 16.21 | J4: Si
A5: france | B5: 45419 | D5: 2304 | J5: Si
A6: argentina | B6: 45419 | D6: 2304 | J6: Si
A7: usa | B7: 45467 | D7: 768 | J7: Si
A8: italy | B8: 45498 | C8: - Mala integracion de jugadores. Habia jugadores duplicados en df_player de Sofifa - Falla la prediccion de equipos recién ascendidos (Venezia, Parma y Como) | D8: 1152 | E8: l_modelos = [LogisticRegression(), SVC()] d_params = { 'construct': { 'n_dias_ult_part': [30, 60], 'n_years_h2h': [3], 'segun_localia': [True, False] }, 'clean_data_2': { 'competencies_to_select': [d_comps['comp_sin_b'], d_comps['all_comp']], 'n_years_to_select': [5, 10, None], }, 'select': { 'thr_corr': [0.7, 0.8, 0.9, None], 'thr_fs': [0.2, 0.1, None], }, 'treat_nan': { 'fill_na': [None, 'ml'], }, 'modeling': { 'val_size': [0.125], 'test_size': [0.125], 'bal_type': [None, 'under'], 'k': [10] } } | G8: 15.41 | H8: 1.42 | I8: 15.41 | J8: Si
A9: germany | B9: 45498 | C9: - elimino paritdos de df_match para aumentar df_missing de 20 a 100 partidos y asi ganar robustez en la seleccion de modelos en assess. | D9: 1152 | E9: l_modelos = [LogisticRegression(), SVC()] d_params = { 'construct': { 'n_dias_ult_part': [30, 60], 'n_years_h2h': [3], 'segun_localia': [True, False] }, 'clean_data_2': { 'competencies_to_select': [d_comps['comp_sin_b'], d_comps['all_comp']], 'n_years_to_select': [5, 10, None], }, 'select': { 'thr_corr': [0.7, 0.8, 0.9, None], 'thr_fs': [0.2, 0.1, None], }, 'treat_nan': { 'fill_na': [None, 'ml'], }, 'modeling': { 'val_size': [0.125], 'test_size': [0.125], 'bal_type': [None, 'under'], 'k': [10] } } | G9: 6.51 | H9: 21.87 | I9: 8.63 | J9: Si
A10: england | B10: 45502 | C10: Cambio hiperparametros probados respecto a anterior entrenamiento (2024-05-07): - Probar sin n_years_to_select=3 (no me gusta que use tan pocos years por la volatilidad?) - comp_to_select: agregar comps_sin_cup porque en Inglaterra hay muchos partidos de copa. | D10: 1728 | E10: l_modelos = [LogisticRegression(), SVC()] d_params = { 'construct': { 'n_dias_ult_part': [30, 60], 'n_years_h2h': [3], 'segun_localia': [True, False] }, 'clean_data_2': { 'competencies_to_select': [d_comps['comp_sin_b'], d_comps['comp_sin_cups'],d_comps['all_comp']], 'n_years_to_select': [5, 10, None], }, 'select': { 'thr_corr': [0.7, 0.8, 0.9, None], 'thr_fs': [0.2, 0.1, None], }, 'treat_nan': { 'fill_na': [None, 'ml'], }, 'modeling': { 'val_size': [0.125], 'test_size': [0.125], 'bal_type': [None, 'under'], 'k': [10] } } | F10: 2 a 3 dias | G10: 8.9 | H10: 11.2 | I10: 5.5 | J10: No | K10: Malos resultados respecto del entrenamiento anterior. Resultados de entrenamiento vs entrenamiento anterior (2024-05-07): - ROI pp promedio top 10 modelos: 8,9 vs 12,73 - ROI pp en partido 50 promedio top 10 modelos: 11,2 vs 11,21 - ROI pp en partido 100 promedio top 10 modelos: 5,5 vs 16,21

Sheet Data preparation
A1: Parametros para apostar
A2: ROI asses --> ROI realidad | B2: 0.15
A3: max roi pp | B3: =MAX('Modelos actuales'!U2:U8) -> 68.496 | E3: Promedio ROI pp top 10 modelos
A4: max m | B4: 30 | F4: =AVERAGE(F7:F16) -> 16.21
E7: 38.29 | F7: =REPLACE(E7,FIND(".",E7),1,",")*1 -> 38.29
E8: 3.65 | F8: =REPLACE(E8,FIND(".",E8),1,",")*1 -> 3.65
E9: 45517 | F9: =REPLACE(E9,FIND(".",E9),1,",")*1 -> 13.08
E10: 35.69 | F10: =REPLACE(E10,FIND(".",E10),1,",")*1 -> 35.69
E11: 13.39 | F11: =REPLACE(E11,FIND(".",E11),1,",")*1 -> 13.39
E12: 12.74 | F12: =REPLACE(E12,FIND(".",E12),1,",")*1 -> 12.74
E13: 15.48 | F13: =REPLACE(E13,FIND(".",E13),1,",")*1 -> 15.48
E14: 10.33 | F14: =REPLACE(E14,FIND(".",E14),1,",")*1 -> 10.33
E15: 16.23 | F15: =REPLACE(E15,FIND(".",E15),1,",")*1 -> 16.23
E16: 3.22 | F16: =REPLACE(E16,FIND(".",E16),1,",")*1 -> 3.22
