Workbook

Sheet Modelos actuales
A1: id_country | B1: country | C1: iteration_date | D1: n_model | E1: model_name | F1: mean_stake_home | G1: mean_stake_draw | H1: mean_stake_away | I1: mean_stake | J1: Error test | K1: Error prod | L1: Var error
A2: 6 | B2: argentina | C2: 45694 | D2: 1 | E2: LogisticRegression
A3: 167 | B3: usa
A4: 48 | B4: england | C4: 45784 | D4: 93 | E4: RandomForestClassifier | I4: =AVERAGE(F4:H4) -> #DIV/0! | L4: =(K4-J4)/J4 -> #DIV/0!
A5: 55 | B5: france | C5: 45784 | D5: 73 | E5: XGBClassifier | I5: =AVERAGE(F5:H5) -> #DIV/0! | L5: =(K5-J5)/J5 -> #DIV/0!
A6: 59 | B6: germany | C6: 45785 | D6: 16 | E6: RandomForestClassifier | I6: =AVERAGE(F6:H6) -> #DIV/0! | L6: =(K6-J6)/J6 -> #DIV/0!
A7: 77 | B7: italy | C7: 45785 | D7: 45 | E7: RandomForestClassifier | I7: =AVERAGE(F7:H7) -> #DIV/0! | L7: =(K7-J7)/J7 -> #DIV/0!
A8: 148 | B8: spain | C8: 45784 | D8: 67 | E8: RandomForestClassifier | I8: =AVERAGE(F8:H8) -> #DIV/0! | L8: =(K8-J8)/J8 -> #DIV/0!

Sheet Sheet35
P3: Usando n_wins y esas | Q3: Sin n_wins y esas | S3: con escalado | T3: sin escalado | V3: decay_rate=0 | W3: decay_rate=0.2 | Y3: con_val_players | Z3: sin_val_players | AB3: usando 'S2G', 'xS2G', "SOG2S", | AC3: sin | AE3: Con ELO | AF3: sin ELO | AH3: porc_nan=0.2 | AI3: porc_nan=0.35 | AJ3: porc_nan=0.7 | AL3: =MIN(AL6:AL1497) -> -0.44 | AM3: =MIN(AM6:AM1497) -> -0.49 | AN3: =MIN(AN6:AN1497) -> -0.48
K4: =AVERAGE(K6:K65) -> 44.30225 | L4: =AVERAGE(L6:L65) -> 44.795167 | M4: =AVERAGE(M6:M65) -> 44.155833 | O4: =AVERAGE(O6:O1497) -> 45.017833 | P4: =AVERAGE(P6:P1497) -> 43.772833 | Q4: =AVERAGE(Q6:Q1497) -> 43.498 | S4: =AVERAGE(S6:S1497) -> 43.772833 | T4: =AVERAGE(T6:T1497) -> 43.791667 | V4: =AVERAGE(V6:V1497) -> 44.6275 | W4: =AVERAGE(W6:W1497) -> 44.9325 | Y4: =AVERAGE(Y6:Y1497) -> 44.619667 | Z4: =AVERAGE(Z6:Z1497) -> 44.6275 | AB4: =AVERAGE(AB6:AB1497) -> 44.6275 | AC4: =AVERAGE(AC6:AC1497) -> 44.3825 | AE4: =AVERAGE(AE6:AE1497) -> 44.6275 | AF4: =AVERAGE(AF6:AF1497) -> 43.722167 | AH4: =AVERAGE(AH6:AH1497) -> 43.2375 | AI4: =AVERAGE(AI6:AI1497) -> 44.6275 | AJ4: =AVERAGE(AJ6:AJ1497) -> 42.620625 | AK4: =AVERAGE(AK6:AK1497) -> 44.592 | AL4: =AVERAGE(AL6:AL1497) -> -0.13164 | AM4: =AVERAGE(AM6:AM1497) -> -0.1838 | AN4: =AVERAGE(AN6:AN1497) -> -0.1339
P5: =STDEV(P6:P1497) -> 3.9028221 | Q5: =STDEV(Q6:Q1497) -> 5.8680317 | S5: =STDEV(S6:S1497) -> 3.9028221 | T5: =STDEV(T6:T1497) -> 4.6210972 | V5: =STDEV(V6:V1497) -> 4.4672498 | W5: =STDEV(W6:W1497) -> 4.1612488 | Y5: =STDEV(Y6:Y1497) -> 3.6374404 | Z5: =STDEV(Z6:Z1497) -> 4.4672498 | AB5: =STDEV(AB6:AB1497) -> 4.4672498 | AC5: =STDEV(AC6:AC1497) -> 4.228009 | AE5: =STDEV(AE6:AE1497) -> 4.4672498 | AF5: =STDEV(AF6:AF1497) -> 4.1254983 | AH5: =STDEV(AH6:AH1497) -> 4.6913822 | AI5: =STDEV(AI6:AI1497) -> 4.4672498 | AJ5: =STDEV(AJ6:AJ1497) -> 4.5873389 | AK5: =STDEV(AK6:AK1497) -> 3.8033332 | AL5: =STDEV(AL6:AL1497) -> 0.11676549 | AM5: =STDEV(AM6:AM1497) -> 0.12214647 | AN5: =STDEV(AN6:AN1497) -> 0.14105587
B6: (1) Ver si el nuevo train con los cambios es bueno o no comparandolo con los test del anterior train. Si es bueno: - Commit de cambios en main y mtm. - Documentacion de cambios - Adaptar mnm.py tras cambios en xpath de modelos guardados y por cambio en el flujo (no se si lo afecta pero capaz si). - Entrenar otros paises Si no es bueno: - Guardar cambios en branch aparte y volver a staging como estaba. Probar cambio por cambio de los nuevos e ir implementando de a uno. | K6: 46.3 | L6: 47.32 | M6: 41.97 | O6: 44.77 | P6: 41.54 | Q6: 45.9 | S6: 41.54 | T6: 46.52 | V6: 52.18 | W6: 50.26 | Y6: 48.88 | Z6: 52.18 | AB6: 52.18 | AC6: 38.91 | AE6: 52.18 | AF6: 45.9 | AH6: 50.53 | AI6: 52.18 | AJ6: 43.21 | AK6: 49.48 | AL6: -0.01 | AM6: -0.22 | AN6: -0.29
K7: 44.17 | L7: 50.77 | M7: 48.95 | O7: 48.36 | P7: 47.94 | Q7: 47.21 | S7: 47.94 | T7: 48.48 | V7: 46.21 | W7: 38.91 | Y7: 40.75 | Z7: 46.21 | AB7: 46.21 | AC7: 49.48 | AE7: 46.21 | AF7: 50.32 | AH7: 50.55 | AI7: 46.21 | AJ7: 39.47 | AK7: 51.27 | AL7: -0.23 | AM7: -0.29 | AN7: -0.31
B8: (2) Experimento metricas + bs | K8: 50.03 | L8: 45.63 | M8: 50.34 | O8: 45.11 | P8: 44.26 | Q8: 43.02 | S8: 44.26 | T8: 38.86 | V8: 41.95 | W8: 36.23 | Y8: 40.46 | Z8: 41.95 | AB8: 41.95 | AC8: 43.49 | AE8: 41.95 | AF8: 47.06 | AH8: 42.94 | AI8: 41.95 | AJ8: 39.76 | AK8: 43.86 | AL8: 0.01 | AM8: -0.14 | AN8: -0.05
K9: 41.2 | L9: 33.19 | M9: 40.49 | O9: 35.26 | P9: 44.53 | Q9: 41.6 | S9: 44.53 | T9: 43.53 | V9: 41.55 | W9: 47.64 | Y9: 41.84 | Z9: 41.55 | AB9: 41.55 | AC9: 43.54 | AE9: 41.55 | AF9: 48.6 | AH9: 35.2 | AI9: 41.55 | AJ9: 37.64 | AK9: 40.32 | AL9: -0.1 | AM9: -0.24 | AN9: -0.12
B10: (3) Seguir con paso a paso de: | K10: 48.95 | L10: 38.84 | M10: 51.09 | O10: 36.58 | P10: 42.57 | Q10: 40.34 | S10: 42.57 | T10: 47.62 | V10: 40.5 | W10: 44.46 | Y10: 47.02 | Z10: 40.5 | AB10: 40.5 | AC10: 44.86 | AE10: 40.5 | AF10: 38.96 | AH10: 44.58 | AI10: 40.5 | AJ10: 35.49 | AK10: 45.23 | AL10: 0.08 | AM10: -0.29 | AN10: -0.14
B11: 2025-05-01 | K11: 39.22 | L11: 40.89 | M11: 41.7 | O11: 44.71 | P11: 44.71 | Q11: 35.54 | S11: 44.71 | T11: 39.07 | V11: 44.71 | W11: 38.6 | Y11: 42.56 | Z11: 44.71 | AB11: 44.71 | AC11: 35.48 | AE11: 44.71 | AF11: 44.2 | AH11: 37.18 | AI11: 44.71 | AJ11: 42.28 | AK11: 50.55 | AL11: -0.14 | AM11: -0.07 | AN11: -0.02
B12: 1. comparar codigo de diciembre de 2024 con el actual 2. Feedback del cliente | K12: 48.11 | L12: 48.47 | M12: 51.19 | O12: 42.63 | P12: 39.69 | Q12: 40.64 | S12: 39.69 | T12: 38.23 | V12: 52.97 | W12: 51.9 | Y12: 42.06 | Z12: 52.97 | AB12: 52.97 | AC12: 41.54 | AE12: 52.97 | AF12: 37.93 | AH12: 41.41 | AI12: 52.97 | AJ12: 44.95 | AK12: 42.65 | AL12: -0.01 | AM12: 0.01 | AN12: -0.18
K13: 46.18 | L13: 46.41 | M13: 49.74 | O13: 44.64 | P13: 44.61 | Q13: 46.66 | S13: 44.61 | T13: 46.28 | V13: 42.97 | W13: 42.99 | Y13: 50.81 | Z13: 42.97 | AB13: 42.97 | AC13: 42.59 | AE13: 42.97 | AF13: 41.01 | AH13: 43.15 | AI13: 42.97 | AJ13: 41.32 | AK13: 40.84 | AL13: -0.1 | AM13: -0.34 | AN13: -0.17
K14: 43.76 | L14: 54.18 | M14: 47.24 | O14: 45.41 | P14: 38.26 | Q14: 48.34 | S14: 38.26 | T14: 43.43 | V14: 41.21 | W14: 43.56 | Y14: 47.96 | Z14: 41.21 | AB14: 41.21 | AC14: 47.4 | AE14: 41.21 | AF14: 36.67 | AH14: 38.96 | AI14: 41.21 | AJ14: 43.85 | AK14: 45.28 | AL14: -0.15 | AM14: 0.03 | AN14: -0.22
K15: 51.04 | L15: 43.84 | M15: 37.72 | O15: 38.51 | P15: 42.44 | Q15: 41.93 | S15: 42.44 | T15: 42.44 | V15: 42.53 | W15: 48.78 | Y15: 45.13 | Z15: 42.53 | AB15: 42.53 | AC15: 40.33 | AE15: 42.53 | AF15: 48.11 | AH15: 47.34 | AI15: 42.53 | AJ15: 38.39 | AK15: 49.33 | AL15: -0.04 | AM15: -0.18 | AN15: -0.41
K16: 41.89 | L16: 51.45 | M16: 42.86 | O16: 36.87 | P16: 51 | Q16: 36.67 | S16: 51 | T16: 40.75 | V16: 40.46 | W16: 46.51 | Y16: 43.78 | Z16: 40.46 | AB16: 40.46 | AC16: 49.78 | AE16: 40.46 | AF16: 44.48 | AH16: 47.89 | AI16: 40.46 | AJ16: 42.94 | AK16: 41.96 | AL16: -0.2 | AM16: 0 | AN16: 0.18
K17: 41.45 | L17: 41.74 | M17: 44.33 | O17: 45.97 | P17: 45.97 | Q17: 35.91 | S17: 45.97 | T17: 45.02 | V17: 45.97 | W17: 42.09 | Y17: 39.08 | Z17: 45.97 | AB17: 45.97 | AC17: 41.81 | AE17: 45.97 | AF17: 37.36 | AH17: 39.4 | AI17: 45.97 | AJ17: 36 | AK17: 40.58 | AL17: -0.17 | AM17: -0.12 | AN17: -0.48
K18: 43.59 | L18: 35.99 | M18: 40.19 | O18: 38.31 | P18: 34.47 | Q18: 41.88 | S18: 34.47 | T18: 36.64 | V18: 52.63 | W18: 49.62 | Y18: 36.82 | Z18: 52.63 | AB18: 52.63 | AC18: 42.89 | AE18: 52.63 | AF18: 36.46 | AH18: 52.47 | AI18: 52.63 | AJ18: 38.13 | AK18: 41.68 | AL18: 0.01 | AM18: -0.16 | AN18: -0.18
K19: 40.25 | L19: 49.93 | M19: 47.22 | O19: 52.16 | P19: 46.87 | Q19: 48.37 | S19: 46.87 | T19: 49.28 | V19: 53.24 | W19: 48.21 | Y19: 42.39 | Z19: 53.24 | AB19: 53.24 | AC19: 52.46 | AE19: 53.24 | AF19: 47.97 | AH19: 48.59 | AI19: 53.24 | AJ19: 40.62 | AK19: 45.03 | AL19: -0.08 | AM19: -0.14 | AN19: -0.43
K20: 50.18 | L20: 48.19 | M20: 45.91 | O20: 50.26 | P20: 46.2 | Q20: 48.29 | S20: 46.2 | T20: 49.26 | V20: 48.36 | W20: 39.65 | Y20: 43.63 | Z20: 48.36 | AB20: 48.36 | AC20: 53.75 | AE20: 48.36 | AF20: 48.49 | AH20: 42.52 | AI20: 48.36 | AJ20: 38.1 | AK20: 40.42 | AL20: 0 | AM20: -0.18 | AN20: 0.12
K21: 52.92 | L21: 45.63 | M21: 49.34 | O21: 43.8 | P21: 41.64 | Q21: 42.2 | S21: 41.64 | T21: 44.35 | V21: 35.83 | W21: 39.07 | Y21: 41.59 | Z21: 35.83 | AB21: 35.83 | AC21: 43.18 | AE21: 35.83 | AF21: 40.37 | AH21: 44.68 | AI21: 35.83 | AJ21: 42.11 | AK21: 38 | AL21: -0.08 | AM21: -0.03 | AN21: -0.11
K22: 43.93 | L22: 40.63 | M22: 38.88 | O22: 43.74 | P22: 44.46 | Q22: 43.1 | S22: 44.46 | T22: 43.9 | V22: 41.77 | W22: 43.81 | Y22: 43.48 | Z22: 41.77 | AB22: 41.77 | AC22: 44.76 | AE22: 41.77 | AF22: 41.87 | AH22: 45.03 | AI22: 41.77 | AJ22: 43.88 | AK22: 47.11 | AL22: -0.18 | AM22: -0.15 | AN22: -0.17
K23: 35.68 | L23: 39.71 | M23: 40.78 | O23: 41.53 | P23: 41.53 | Q23: 39.7 | S23: 41.53 | T23: 38.32 | V23: 41.53 | W23: 39.59 | Y23: 40.23 | Z23: 41.53 | AB23: 41.53 | AC23: 44.65 | AE23: 41.53 | AF23: 41.79 | AH23: 42.96 | AI23: 41.53 | AJ23: 39.47 | AK23: 46.48 | AL23: -0.35 | AM23: -0.29 | AN23: -0.21
K24: 40.88 | L24: 51.57 | M24: 45.61 | O24: 45.43 | P24: 45.08 | Q24: 46.66 | S24: 45.08 | T24: 46.01 | V24: 51.01 | W24: 39.94 | Y24: 45.16 | Z24: 51.01 | AB24: 51.01 | AC24: 40.63 | AE24: 51.01 | AF24: 35.31 | AH24: 36.73 | AI24: 51.01 | AJ24: 52.45 | AK24: 47.48 | AL24: -0.27 | AM24: -0.26 | AN24: -0.13
K25: 45.29 | L25: 44.85 | M25: 51.24 | O25: 45.62 | P25: 43.93 | Q25: 50.82 | S25: 43.93 | T25: 43.93 | V25: 43.02 | W25: 42.54 | Y25: 49.3 | Z25: 43.02 | AB25: 43.02 | AC25: 46.07 | AE25: 43.02 | AF25: 47.58 | AH25: 49.68 | AI25: 43.02 | AJ25: 35.06 | AK25: 44.29 | AL25: -0.23 | AM25: -0.39 | AN25: -0.26
K26: 48.63 | L26: 49.34 | M26: 45.46 | O26: 46.89 | P26: 42.8 | Q26: 41.24 | S26: 42.8 | T26: 46.41 | V26: 48.3 | W26: 51.92 | Y26: 44.83 | Z26: 48.3 | AB26: 48.3 | AC26: 44.85 | AE26: 48.3 | AF26: 45.19 | AH26: 45.02 | AI26: 48.3 | AJ26: 39.5 | AL26: 0.05 | AM26: -0.1 | AN26: -0.07
K27: 44.47 | L27: 47.7 | M27: 43.78 | O27: 44.69 | P27: 41.07 | Q27: 34.19 | S27: 41.07 | T27: 43.13 | V27: 44.64 | W27: 45.15 | Y27: 44.64 | Z27: 44.64 | AB27: 44.64 | AC27: 42.25 | AE27: 44.64 | AF27: 43.85 | AH27: 40.56 | AI27: 44.64 | AJ27: 43.62 | AL27: 0.02 | AM27: -0.43 | AN27: -0.26
K28: 40.31 | L28: 42.99 | M28: 46.6 | O28: 44.22 | P28: 45.71 | Q28: 50.08 | S28: 45.71 | T28: 44.15 | V28: 43.23 | W28: 41.82 | Y28: 45.5 | Z28: 43.23 | AB28: 43.23 | AC28: 46.5 | AE28: 43.23 | AF28: 39.5 | AH28: 43.6 | AI28: 43.23 | AJ28: 38.67 | AL28: -0.12 | AM28: -0.08 | AN28: 0.13
K29: 36.29 | L29: 32.9 | M29: 39.92 | O29: 43.03 | P29: 43.03 | Q29: 40.38 | S29: 43.03 | T29: 37.33 | V29: 43.03 | W29: 40.19 | Y29: 39.92 | Z29: 43.03 | AB29: 43.03 | AC29: 40.8 | AE29: 43.03 | AF29: 40.8 | AH29: 39.88 | AI29: 43.03 | AJ29: 34.99 | AL29: -0.11 | AM29: -0.34 | AN29: -0.14
K30: 44.48 | L30: 39.88 | M30: 47.38 | O30: 41.78 | P30: 42.32 | Q30: 40.71 | S30: 42.32 | T30: 20.8 | V30: 42.86 | W30: 45.16 | Y30: 45.01 | Z30: 42.86 | AB30: 42.86 | AC30: 46.3 | AE30: 42.86 | AF30: 42.11 | AH30: 47.35 | AI30: 42.86 | AJ30: 40.43 | AL30: -0.12 | AM30: -0.15 | AN30: -0.04
K31: 50.66 | L31: 45.48 | M31: 50.55 | O31: 45.57 | P31: 42.48 | Q31: 51.95 | S31: 42.48 | T31: 41.71 | V31: 49.5 | W31: 49.32 | Y31: 48.04 | Z31: 49.5 | AB31: 49.5 | AC31: 41.96 | AE31: 49.5 | AF31: 43.55 | AH31: 49.61 | AI31: 49.5 | AJ31: 39.52 | AL31: -0.16 | AM31: -0.42 | AN31: -0.35
K32: 42.02 | L32: 54.91 | M32: 48.95 | O32: 46.05 | P32: 44.86 | Q32: 44.52 | S32: 44.86 | T32: 48.57 | V32: 48.09 | W32: 47.77 | Y32: 50.64 | Z32: 48.09 | AB32: 48.09 | AC32: 42.21 | AE32: 48.09 | AF32: 40.68 | AH32: 44.9 | AI32: 48.09 | AJ32: 42.08 | AL32: -0.22 | AM32: -0.13 | AN32: -0.05
K33: 43.37 | L33: 33.82 | M33: 44.34 | O33: 46.29 | P33: 43.04 | Q33: 36.74 | S33: 43.04 | T33: 34.68 | V33: 46.71 | W33: 41.28 | Y33: 45.88 | Z33: 46.71 | AB33: 46.71 | AC33: 48.31 | AE33: 46.71 | AF33: 40 | AH33: 41.09 | AI33: 46.71 | AJ33: 39.9 | AL33: -0.31 | AM33: -0.3 | AN33: -0.25
K34: 45.77 | L34: 43.46 | M34: 46.35 | O34: 47.45 | P34: 44.08 | Q34: 40.07 | S34: 44.08 | T34: 44.66 | V34: 33.71 | W34: 42.66 | Y34: 47.59 | Z34: 33.71 | AB34: 33.71 | AC34: 34.69 | AE34: 33.71 | AF34: 42.41 | AH34: 36.74 | AI34: 33.71 | AJ34: 44.14 | AL34: 0.08 | AM34: -0.07 | AN34: -0.05
K35: 48.31 | L35: 45.15 | M35: 46.08 | O35: 43.18 | P35: 43.18 | Q35: 44.26 | S35: 43.18 | T35: 41.6 | V35: 43.18 | W35: 42.71 | Y35: 43.18 | Z35: 43.18 | AB35: 43.18 | AC35: 46.97 | AE35: 43.18 | AF35: 43.18 | AH35: 41.05 | AI35: 43.18 | AJ35: 43.22 | AL35: -0.03 | AM35: -0.24 | AN35: -0.18
K36: 38.13 | L36: 48.98 | M36: 20.8 | O36: 53.09 | P36: 41.4 | Q36: 43.15 | S36: 41.4 | T36: 46.91 | V36: 50.71 | W36: 45.74 | Y36: 36.83 | Z36: 50.71 | AB36: 50.71 | AC36: 39.95 | AE36: 50.71 | AF36: 44.8 | AH36: 41.63 | AI36: 50.71 | AJ36: 37.01 | AL36: -0.1 | AM36: -0.23 | AN36: 0.05
K37: 40.27 | L37: 46.62 | M37: 50.56 | O37: 42.04 | P37: 43.85 | Q37: 53.21 | S37: 43.85 | T37: 50.79 | V37: 46.44 | W37: 48.28 | Y37: 45.41 | Z37: 46.44 | AB37: 46.44 | AC37: 43.52 | AE37: 46.44 | AF37: 49.63 | AH37: 54.9 | AI37: 46.44 | AJ37: 50.54 | AL37: -0.07 | AM37: -0.37 | AN37: -0.06
... K45: 44.08 | L45: 54.67 | M45: 40.43 | O45: 45.31 | P45: 38.68 | Q45: 40.69 | S45: 38.68 | T45: 41.21 | V45: 41.35 | W45: 49.88 | Y45: 49.91 | Z45: 41.35 | AB45: 41.35 | AC45: 38.58 | AE45: 41.35 | AF45: 40.52 | AH45: 36.11 | AI45: 41.35 | AJ45: 42.12 | AL45: -0.24 | AM45: -0.25 | AN45: -0.29
L46: 38.47 | M46: 43.94 | O46: 38.52 | P46: 44.15 | Q46: 47.39 | S46: 44.15 | T46: 46.34 | V46: 46.11 | W46: 49.46 | Y46: 49.08 | Z46: 46.11 | AB46: 46.11 | AC46: 46.99 | AE46: 46.11 | AF46: 40.34 | AH46: 41.26 | AI46: 46.11 | AJ46: 44.02 | AL46: -0.03 | AM46: -0.12 | AN46: -0.22
L47: 42.74 | M47: 38.25 | O47: 49.34 | P47: 49.34 | Q47: 45.16 | S47: 49.34 | T47: 50.93 | V47: 49.34 | W47: 47.09 | Y47: 49.98 | Z47: 49.34 | AB47: 49.34 | AC47: 46.56 | AE47: 49.34 | AF47: 41.66 | AH47: 42.49 | AI47: 49.34 | AJ47: 40.48 | AL47: -0.21 | AM47: -0.32 | AN47: -0.39
L48: 43.8 | M48: 44.67 | O48: 50.9 | P48: 37.69 | Q48: 48.06 | S48: 37.69 | T48: 46.03 | V48: 40.31 | W48: 41.03 | Y48: 43.44 | Z48: 40.31 | AB48: 40.31 | AC48: 55.36 | AE48: 40.31 | AF48: 48.19 | AH48: 48.92 | AI48: 40.31 | AJ48: 53.9 | AL48: -0.15 | AM48: 0.02 | AN48: 0.04
L49: 51.01 | M49: 49.58 | O49: 53.21 | P49: 43.05 | Q49: 45.52 | S49: 43.05 | T49: 47.63 | V49: 44.38 | W49: 48.1 | Y49: 44.66 | Z49: 44.38 | AB49: 44.38 | AC49: 49.26 | AE49: 44.38 | AF49: 54.06 | AH49: 45.8 | AI49: 44.38 | AJ49: 48.46 | AL49: -0.24 | AM49: -0.14 | AN49: -0.22
L50: 43.48 | M50: 40.49 | O50: 49.45 | P50: 48.14 | Q50: 48.26 | S50: 48.14 | T50: 45.75 | V50: 47.79 | W50: 43.88 | Y50: 40.86 | Z50: 47.79 | AB50: 47.79 | AC50: 50.81 | AE50: 47.79 | AF50: 45.73 | AH50: 42.26 | AI50: 47.79 | AJ50: 51.31 | AL50: 0.02 | AM50: -0.12 | AN50: -0.1
L51: 39.75 | M51: 44.47 | O51: 38.58 | P51: 45.15 | Q51: 49.65 | S51: 45.15 | T51: 38.58 | V51: 37.75 | W51: 43.78 | Y51: 38.01 | Z51: 37.75 | AB51: 37.75 | AC51: 38.31 | AE51: 37.75 | AF51: 44.86 | AH51: 36.94 | AI51: 37.75 | AJ51: 43.16 | AL51: 0.02 | AM51: -0.08 | AN51: -0.23
L52: 48.5 | M52: 39.88 | O52: 46.52 | P52: 43.05 | Q52: 42.36 | S52: 43.05 | T52: 40.51 | V52: 44.02 | W52: 47.57 | Y52: 46.35 | Z52: 44.02 | AB52: 44.02 | AC52: 44.62 | AE52: 44.02 | AF52: 38.58 | AH52: 40.66 | AI52: 44.02 | AJ52: 40.73 | AL52: -0.11 | AM52: -0.16 | AN52: -0.05
L53: 53.23 | M53: 43.59 | O53: 44.67 | P53: 44.67 | Q53: 40.2 | S53: 44.67 | T53: 44.67 | V53: 44.67 | W53: 46.77 | Y53: 43.92 | Z53: 44.67 | AB53: 44.67 | AC53: 49.31 | AE53: 44.67 | AF53: 41.74 | AH53: 32.81 | AI53: 44.67 | AJ53: 43.81 | AL53: -0.21 | AM53: -0.15 | AN53: 0.02
L54: 45.82 | M54: 35.76 | O54: 41.95 | P54: 43.93 | Q54: 43.79 | S54: 43.93 | T54: 45.33 | V54: 44.82 | W54: 41.9 | Y54: 52.93 | Z54: 44.82 | AB54: 44.82 | AC54: 52.42 | AE54: 44.82 | AF54: 42.61 | AH54: 43.54 | AI54: 44.82 | AL54: -0.26 | AM54: -0.31 | AN54: -0.03
L55: 37.28 | M55: 44.52 | O55: 45.22 | P55: 43.23 | Q55: 41.87 | S55: 43.23 | T55: 47.94 | V55: 35.72 | W55: 52.63 | Y55: 46.04 | Z55: 35.72 | AB55: 35.72 | AC55: 40.2 | AE55: 35.72 | AF55: 38.61 | AH55: 36.48 | AI55: 35.72 | AL55: -0.35 | AM55: -0.37 | AN55: -0.17
L56: 45.95 | M56: 44.86 | O56: 46.31 | P56: 51.71 | Q56: 50.87 | S56: 51.71 | T56: 46.53 | V56: 46.41 | W56: 48.39 | Y56: 45.34 | Z56: 46.41 | AB56: 46.41 | AC56: 44.21 | AE56: 46.41 | AF56: 50.04 | AH56: 47.28 | AI56: 46.41 | AL56: -0.21 | AM56: -0.29 | AN56: 0.07
L57: 47.81 | M57: 35.35 | O57: 38.86 | P57: 33.65 | Q57: 45.31 | S57: 33.65 | T57: 44.53 | V57: 36.71 | W57: 54.26 | Y57: 39.62 | Z57: 36.71 | AB57: 36.71 | AC57: 46.24 | AE57: 36.71 | AF57: 47.27 | AH57: 40.16 | AI57: 36.71 | AL57: -0.39 | AM57: -0.29 | AN57: -0.02
L58: 47.84 | M58: 41.37 | O58: 49.62 | P58: 50.27 | Q58: 41.5 | S58: 50.27 | T58: 44.36 | V58: 38.96 | W58: 39.63 | Y58: 42.84 | Z58: 38.96 | AB58: 38.96 | AC58: 46.42 | AE58: 38.96 | AF58: 47.59 | AH58: 41.09 | AI58: 38.96 | AL58: 0.03 | AM58: -0.24 | AN58: -0.16
L59: 39.28 | M59: 46.28 | O59: 48.34 | P59: 48.34 | Q59: 46.11 | S59: 48.34 | T59: 47.88 | V59: 48.34 | W59: 50.25 | Y59: 45.27 | Z59: 48.34 | AB59: 48.34 | AC59: 44.33 | AE59: 48.34 | AF59: 48.36 | AH59: 44.08 | AI59: 48.34 | AL59: 0.03 | AM59: -0.18 | AN59: -0.13
L60: 38.27 | M60: 51.16 | O60: 34.35 | P60: 44.85 | Q60: 56.92 | S60: 44.85 | T60: 44.86 | V60: 50.25 | W60: 44.6 | Y60: 47.88 | Z60: 50.25 | AB60: 50.25 | AC60: 44.29 | AE60: 50.25 | AF60: 44.75 | AH60: 44.59 | AI60: 50.25 | AL60: -0.16 | AM60: -0.08 | AN60: 0
L61: 46.08 | M61: 40.69 | O61: 47.41 | P61: 52.33 | Q61: 50.35 | S61: 52.33 | T61: 43.84 | V61: 43.33 | W61: 46.66 | Y61: 41.88 | Z61: 43.33 | AB61: 43.33 | AC61: 45.67 | AE61: 43.33 | AF61: 49.36 | AH61: 44.72 | AI61: 43.33 | AL61: -0.19 | AM61: -0.35 | AN61: -0.14
L62: 47.18 | M62: 49.65 | O62: 54.06 | P62: 42.95 | Q62: 39.95 | S62: 42.95 | T62: 47.43 | V62: 47.77 | W62: 43.15 | Y62: 45.45 | Z62: 47.77 | AB62: 47.77 | AC62: 43.99 | AE62: 47.77 | AF62: 48.35 | AH62: 39.51 | AI62: 47.77 | AL62: 0.01 | AM62: -0.24 | AN62: -0.2
L63: 42.42 | M63: 41.77 | O63: 41.68 | P63: 35.7 | Q63: 50.08 | S63: 35.7 | T63: 41.68 | V63: 41.68 | W63: 42.53 | Y63: 45.18 | Z63: 41.68 | AB63: 41.68 | AC63: 37.9 | AE63: 41.68 | AF63: 36.65 | AH63: 40.08 | AI63: 41.68 | AL63: -0.2 | AM63: -0.32 | AN63: -0.17
L64: 46.9 | M64: 45.8 | O64: 46.96 | P64: 44.19 | Q64: 40.29 | S64: 44.19 | T64: 42.41 | V64: 50.13 | W64: 41.11 | Y64: 44.99 | Z64: 50.13 | AB64: 50.13 | AC64: 42.9 | AE64: 50.13 | AF64: 42.58 | AH64: 44.37 | AI64: 50.13 | AL64: -0.03 | AM64: -0.24 | AN64: -0.01
L65: 38.42 | M65: 40.01 | O65: 43.3 | P65: 43.3 | Q65: 44.06 | S65: 43.3 | T65: 42.06 | V65: 43.3 | W65: 49.07 | Y65: 47.8 | Z65: 43.3 | AB65: 43.3 | AC65: 43.42 | AE65: 43.3 | AF65: 40.8 | AH65: 40.69 | AI65: 43.3 | AL65: -0.13 | AM65: -0.37 | AN65: -0.26
AL66: 0.1 | AM66: -0.13 | AN66: 0.03
AL67: -0.13 | AM67: -0.22 | AN67: -0.24
AL68: -0.12 | AM68: -0.13 | AN68: 0.12
AL69: -0.08 | AM69: -0.41 | AN69: -0.17
AL70: -0.17 | AM70: -0.19 | AN70: -0.06
AL71: -0.25 | AM71: -0.23 | AN71: -0.36
AL72: -0.24 | AM72: -0.01 | AN72: 0.02
AL73: -0.26 | AM73: -0.25 | AN73: -0.1
AL74: -0.11 | AM74: -0.17 | AN74: -0.09
AL75: -0.28 | AM75: -0.24 | AN75: -0.36
AL76: -0.16 | AM76: -0.07 | AN76: -0.15
AL77: -0.23 | AM77: -0.02 | AN77: -0.34
... AL105: -0.03 | AM105: -0.2 | AN105: -0.28
AL106: -0.15 | AM106: -0.14
AL107: -0.27 | AM107: 0
AL108: 0.01 | AM108: -0.16
AL109: -0.12 | AM109: -0.12
AL110: -0.02 | AM110: -0.02
AL111: -0.08 | AM111: -0.41
AL112: -0.21 | AM112: -0.17
AL113: -0.21 | AM113: -0.17
AL114: -0.07 | AM114: 0.02
AL115: -0.2 | AM115: -0.06
AL116: -0.17 | AM116: -0.12
AL117: -0.22 | AM117: -0.15
... AL505: -0.29 | AM505: -0.08
AM506: -0.41
AM507: -0.23
AM508: -0.22
AM509: -0.22
AM510: -0.34
AM511: -0.44
AM512: -0.13
AM513: -0.19
AM514: -0.21
AM515: -0.32
AM516: 0.04
AM517: -0.08
... AM605: -0.08

Sheet Modelo semana 24
A2: 48 | B2: england | C2: 45679 | D2: 395 | E2: LogisticRegression | F2: 58 | K2: 2 | L2: 153.7 | M2: 3507.81 | N2: 30 | P2: 22.822446 | Q2: 9
A3: 55 | B3: france | C3: 45679 | D3: 724 | E3: LogisticRegression | F3: 61 | K3: 7 | L3: 174.21 | M3: 1825.81 | N3: 30 | P3: 10.480512 | Q3: 9
A4: 59 | B4: germany | C4: 45680 | D4: 1051 | E4: LogisticRegression | F4: 62 | K4: 3 | L4: 171.72 | M4: 5053.56 | N4: 25 | P4: 29.429071 | Q4: 7.5
A5: 77 | B5: italy | C5: 45677 | D5: 931 | E5: LogisticRegression | F5: 60 | K5: 11 | L5: 190.1 | M5: =2.59+ 1339.47+ 236.53 -> 1578.59 | N5: 40 | P5: =M5/L5 -> 8.3039979
A6: 148 | B6: spain | C6: 45677 | D6: 112 | E6: LogisticRegression | L6: 127.26 | M6: =1920.79+ 729.18+ -17.44 -> 2632.53 | N6: 40 | P6: =M6/L6 -> 20.686233
E11: deberia cambiar el modelo en: ENG y en SPA | L11: Cambio | M11: eng | N11: SPA
E12: No deberia cambiar el modelo en: ITA y GER. | L12: No cambio | M12: GER | N12: ITA
A16: 48 | B16: england | C16: 45679 | D16: 1363 | E16: LogisticRegression | F16: 57.521368 | K16: 6 | L16: 127.72 | M16: 958.71 | N16: 40 | P16: 7.506342 | Q16: 12
A17: 55 | B17: france | C17: 45679 | D17: 724 | E17: LogisticRegression | F17: 57.762697 | K17: 7 | L17: 174.21 | M17: 1825.81 | N17: 30 | P17: 10.480512 | Q17: 9
A18: 59 | B18: germany | C18: 45680 | D18: 935 | E18: LogisticRegression | F18: 61.814767 | K18: 5 | L18: 149.66 | M18: 8422.4 | P18: 56.276894 | Q18: 0
A19: 77 | B19: italy | C19: 45677 | D19: 47 | E19: LogisticRegression | F19: 60.756365 | K19: 12 | L19: 152.96 | M19: 2356.64 | N19: 60 | P19: 15.406904 | Q19: 18
A20: 148 | B20: spain | C20: 45677 | D20: 1475 | E20: LogisticRegression | F20: 56.41732 | K20: 7 | L20: 101.46 | M20: 795.72 | N20: 30 | P20: 7.8426966 | Q20: 9
C24: Que hubera seleccionado con el nuevo metodo en el entrenamiento anterior y como me hubiera ido?
C25: f1_score
C26: test_accuracy
C27: nueva seleccion (n_metric=1)
C28: nueva seleccion con ea
C30: ESTA MAL HECHO ESTO? ESTOY ANALIZANDOLO SIN EA....
C31: SPAIN | L31: ITA | Q31: FRA | Z31: GER | AH31: ENG
C32: 1243 | D32: 52 | E32: 1146 | F32: 860 | G32: 1444 | H32: 1257 | I32: 408 | J32: 1146 | L32: 1494 | M32: 1339 | N32: 1338 | O32: 1359 | Q32: 916 | R32: 176 | S32: 364 | T32: 734 | U32: 807 | V32: 806 | W32: 1375 | X32: 808 | Z32: 565 | AA32: 44 | AB32: 56 | AC32: 728 | AD32: 795 | AE32: 59 | AF32: 1447 | AH32: 38 | AI32: 217 | AJ32: 229 | AK32: 245 | AL32: 930 | AM32: 447 | AN32: 561 | AO32: 44 | AP32: 194
C33: =SUM(C34:C47) -> 2.25 | D33: =SUM(D34:D47) -> -12.37 | E33: =SUM(E34:E47) -> -24.21 | F33: =SUM(F34:F47) -> 11.79 | G33: =SUM(G34:G47) -> -15.52 | H33: =SUM(H34:H47) -> -8.53 | I33: =SUM(I34:I47) -> -4.23 | J33: =SUM(J34:J47) -> -24.21 | L33: =SUM(L34:L51) -> -1.5 | M33: =SUM(M34:M47) -> 24.31 | N33: =SUM(N34:N47) -> 31.5 | O33: =SUM(O34:O47) -> -5.84 | Q33: =SUM(Q34:Q51) -> -7.31 | R33: =SUM(R34:R47) -> -20.51 | S33: =SUM(S34:S47) -> -10.26 | T33: =SUM(T34:T47) -> 7.35 | U33: =SUM(U34:U47) -> 17.63 | V33: =SUM(V34:V47) -> 4.01 | W33: =SUM(W34:W47) -> -18.07 | Z33: =SUM(Z34:Z101) -> -14.05 | AA33: =SUM(AA34:AA101) -> 18.35 | AB33: =SUM(AB34:AB101) -> 17.99 | AC33: =SUM(AC34:AC101) -> 13.54 | AD33: =SUM(AD34:AD101) -> -12.75 | AE33: =SUM(AE34:AE101) -> 2 | AF33: =SUM(AF34:AF101) -> 22.18 | AH33: =SUM(AH34:AH49) -> 4 | AI33: =SUM(AI34:AI49) -> -23.73 | AJ33: =SUM(AJ34:AJ49) -> -49.24 | AK33: =SUM(AK34:AK49) -> -59.85 | AL33: =SUM(AL34:AL49) -> 16.48 | AM33: =SUM(AM34:AM49) -> 1.43 | AN33: =SUM(AN34:AN49) -> -17.53 | AO33: =SUM(AO34:AO49) -> -19.7
C34: 5.02 | D34: -4.03 | E34: -4.1 | F34: 5.45 | G34: 4.25 | H34: 5.13 | I34: 5.13 | J34: -4.1 | L34: -4.2 | M34: -5.95 | N34: -4.77 | Q34: -4.13 | R34: -4.63 | S34: -4.23 | T34: -3.89 | U34: -3.73 | V34: -4.14 | W34: -4.94 | Z34: 1.43 | AA34: 1.9 | AB34: 1.9 | AC34: 1.94 | AD34: 1.93 | AE34: 1.88 | AF34: 1.5 | AH34: 14.41 | AI34: -6.68 | AJ34: -6.12 | AK34: -5.47 | AL34: -3.91 | AM34: 4.85 | AN34: -6.38 | AO34: -6.99
C35: -6.5 | D35: -6.7 | E35: -7.34 | F35: -6.92 | G35: -4.1 | H35: -6.16 | I35: -6.38 | J35: -7.34 | L35: 8.48 | M35: -3.97 | N35: -4.28 | Q35: -3.67 | R35: -3.81 | S35: -3.51 | T35: -4.64 | U35: -4 | V35: -4.94 | W35: -4.28 | Z35: -4.37 | AA35: -3.89 | AB35: -4.13 | AC35: 2.84 | AD35: -4.48 | AE35: -4.76 | AF35: -4.74 | AH35: 3.22 | AI35: 2.86 | AJ35: -4.16 | AK35: -4.35 | AL35: 3.8 | AM35: -7.2 | AN35: -7.06 | AO35: -6.43
C36: -5 | D36: -4.67 | E36: -4.61 | F36: -4.73 | G36: -4.07 | H36: -4.46 | I36: -4.36 | J36: -4.61 | L36: -3.96 | M36: -4.58 | N36: -4.4 | Q36: 5.18 | R36: 4.74 | S36: 4.49 | T36: 5.46 | U36: 4.72 | V36: 5.93 | W36: 5.81 | Z36: 5.91 | AA36: 8.73 | AB36: 6.9 | AC36: 5.87 | AD36: 6.2 | AE36: 5.88 | AF36: 10.11 | AH36: -4.23 | AI36: 4.55 | AJ36: -4.34 | AK36: 3.98 | AL36: 3.97 | AM36: 2.68 | AN36: -5.26 | AO36: -6.72
C37: -5.74 | D37: -5.1 | E37: -6.56 | F37: -7.33 | G37: -3.92 | H37: -5.48 | I37: -6.06 | J37: -6.56 | L37: 3.05 | M37: 3.72 | N37: 3.79 | Q37: 3.5 | R37: 3.67 | S37: 3.26 | T37: 3.77 | U37: 3.35 | V37: 3.61 | W37: 3.67 | Z37: -4.19 | AA37: -5.45 | AB37: -4.89 | AC37: 6.75 | AD37: -3.99 | AE37: -3.56 | AF37: -5.75 | AH37: 5.93 | AI37: -5.54 | AJ37: -5.06 | AK37: -5.72 | AL37: 5.92 | AM37: -4.57 | AN37: -4.66 | AO37: -4.28
C38: -3.53 | D38: -5.53 | E38: -4.42 | F38: -4.36 | G38: -3.55 | H38: -3.67 | I38: -4.36 | J38: -4.42 | L38: 3.23 | M38: 4.02 | N38: 4.04 | Q38: -5.17 | R38: -5.11 | S38: -4.67 | T38: -5.46 | U38: -4.61 | V38: -6.09 | W38: -4.06 | Z38: -5.4 | AA38: -4.57 | AB38: 12.62 | AC38: -5.27 | AD38: -4.65 | AE38: -4.74 | AF38: 10.93 | AH38: -4.97 | AI38: -4.29 | AJ38: -4.91 | AK38: -4.51 | AL38: -5.38 | AM38: 5.67 | AN38: 5.83 | AO38: 4.72
C39: 2.94 | D39: 4.1 | E39: 3.28 | F39: 3.1 | G39: 2.95 | H39: 2.94 | I39: 3.04 | J39: 3.28 | L39: -5.06 | M39: -5.52 | N39: -4.97 | Q39: 0.78 | R39: 0.65 | S39: 0.63 | T39: 0.59 | U39: 0.49 | V39: 0.68 | W39: 0.72 | Z39: 0.88 | AA39: 0.99 | AB39: 1.05 | AC39: 1.01 | AD39: 1.1 | AE39: 1.1 | AF39: 1.26 | AH39: 1.62 | AI39: 1.68 | AJ39: 1.99 | AK39: 1.61 | AL39: -5.49
C40: 3.54 | D40: -4.79 | E40: -4.01 | F40: 3.51 | G40: 3.67 | H40: 3.51 | I40: -3.97 | J40: -4.01 | L40: 9.71 | M40: 9.2 | N40: 10.68 | O40: -3.99 | Q40: -4.39 | R40: -3.73 | S40: -3.39 | T40: 10.35 | U40: 10.49 | V40: 11.22 | W40: -5.09 | Z40: -5.16 | AA40: -5.86 | AB40: -6.14 | AC40: -4.26 | AD40: -4.39 | AE40: -4.49 | AF40: -7.84 | AH40: -3.82 | AI40: -4.56 | AJ40: -4.58 | AK40: -4.1 | AL40: 5.23
C41: 1.93 | D41: 1.56 | E41: 2.13 | F41: 2.12 | G41: 1.48 | H41: 1.79 | I41: 1.89 | J41: 2.13 | L41: 4.38 | M41: 5.3 | N41: 5.59 | O41: -6.03 | Q41: -3.63 | R41: -3.58 | S41: -3.52 | T41: -3.79 | U41: 9.56 | V41: -3.82 | W41: 10.73 | Z41: -4.28 | AA41: -5.2 | AB41: -6.18 | AC41: -3.99 | AD41: -4.22 | AE41: -5.61 | AF41: -6.46 | AH41: 1.72 | AI41: 1.78 | AJ41: 1.91 | AK41: -3.61 | AL41: 2.05
C42: -3.39 | D42: -4.03 | E42: -5.23 | F42: 8.14 | G42: -3.5 | H42: -3.55 | I42: 9.42 | J42: -5.23 | L42: -5.33 | M42: -6.77 | N42: -6.57 | O42: 4.88 | Q42: 3.14 | R42: 2.57 | S42: 2.55 | T42: 2.59 | U42: 2.52 | V42: 3.38 | W42: 3.08 | Z42: -4.84 | AA42: -7.4 | AB42: -5.63 | AC42: -5.25 | AD42: -6.18 | AE42: 13.69 | AF42: 17.74 | AH42: 5.2 | AI42: -4.43 | AJ42: -4.42 | AK42: -4.75 | AL42: 10.16
C43: 8.05 | D43: 11.24 | E43: 10.59 | F43: 7.92 | G43: -3.75 | H43: -3.7 | I43: -3.75 | J43: 10.59 | L43: 1.83 | M43: 2.39 | N43: 2.23 | O43: 2.25 | Q43: -3.73 | R43: -3.69 | S43: 5.02 | T43: 5.06 | U43: 5.18 | V43: 5.2 | W43: -4.69 | Z43: 0.67 | AA43: 0.68 | AB43: 0.74 | AC43: 0.83 | AD43: 0.78 | AE43: 0.79 | AF43: 0.98 | AH43: 3.92 | AI43: -5.33 | AJ43: -4.9 | AK43: -4.45 | AL43: 4.9
C44: -3.52 | D44: 6.64 | E44: -4.38 | F44: 6.48 | G44: -3.57 | H44: -3.64 | I44: -3.58 | J44: -4.38 | L44: -4.78 | M44: 8.16 | N44: 8.84 | O44: -3.65 | Q44: 5.26 | R44: 5.76 | S44: 5.61 | T44: -4 | U44: 5.58 | V44: 6.28 | W44: -4.41 | Z44: -4.35 | AA44: -4.02 | AB44: -5.39 | AC44: -3.74 | AD44: -4.05 | AE44: -5.4 | AF44: -6.54 | AH44: 1.71 | AI44: 1.65 | AJ44: 1.81 | AK44: -4.44 | AL44: 1.53
C45: -4.68 | D45: -4.29 | E45: -4.98 | F45: -4.86 | G45: -3.69 | H45: -4.39 | I45: -4.84 | J45: -4.98 | L45: 2.03 | M45: 2.19 | N45: 2.39 | O45: 2.19 | Q45: -4.19 | R45: -3.73 | S45: -3.54 | T45: -3.7 | U45: -3.48 | V45: -3.58 | W45: -4.24 | Z45: 5.55 | AA45: 10.43 | AB45: 7.75 | AC45: 4.94 | AD45: 5.57 | AE45: 5.31 | AF45: 8.27 | AH45: -8.72 | AI45: -6.08 | AJ45: -5.49 | AK45: -5.37 | AL45: -7.48
C46: 6.43 | D46: 7.51 | E46: 9.05 | F46: 6.82 | G46: 5.66 | H46: 6.39 | I46: 6.17 | J46: 9.05 | L46: -4.25 | M46: -4.77 | N46: -4.88 | O46: -3.81 | Q46: -4.98 | R46: -4.27 | S46: -3.98 | T46: 10.26 | U46: -3.65 | V46: -3.67 | W46: -6 | Z46: 2.51 | AA46: 3.07 | AB46: 2.94 | AC46: 2.51 | AD46: 2.6 | AE46: 2.71 | AF46: 2.4 | AH46: -7.43 | AI46: -5.53 | AJ46: -4.65 | AK46: -4.36 | AL46: -6.82
C47: 6.7 | D47: -4.28 | E47: -3.63 | F47: -3.55 | G47: -3.38 | H47: 6.76 | I47: 7.42 | J47: -3.63 | L47: -5.54 | M47: 20.89 | N47: 23.81 | O47: 2.32 | Q47: 8.72 | R47: -5.35 | S47: -4.98 | T47: -5.25 | U47: -4.79 | V47: -6.05 | W47: -4.37 | Z47: -5.06 | AA47: 3.14 | AB47: 2.66 | AC47: 2.75 | AD47: -4.8 | AE47: -4.34 | AF47: -5.32 | AH47: -6.49 | AI47: 15.46 | AJ47: -5.25 | AK47: -5.19 | AL47: -4.18
L48: -4.89 | M48: 7.94 | N48: -4.65 | O48: -5.39 | Z48: 3.18 | AA48: 4.2 | AB48: -4.34 | AC48: 3.35 | AD48: 3.22 | AE48: -3.97 | AF48: -6.72 | AH48: -3.96 | AI48: -5.19 | AJ48: -4.44 | AK48: -4.54 | AL48: 8.14
L49: -6.86 | M49: -7.74 | N49: -8.66 | O49: -4.23 | Z49: -6.98 | AA49: -8.47 | AB49: -8.71 | AC49: -6.48 | AD49: -7.42 | AE49: -6.5 | AF49: -7.74 | AH49: 5.89 | AI49: -4.08 | AJ49: 3.37 | AK49: -4.58 | AL49: 4.04
L50: 15.18 | M50: 17.39 | N50: 16.71 | O50: -6.63 | Z50: 4.94 | AA50: 5.45 | AB50: 5.13 | AC50: 4.29 | AD50: 4.33 | AE50: 5.64 | AF50: 6.05
L51: -4.52 | M51: 11.12 | N51: -4.81 | O51: -5.07 | Z51: 4.18 | AA51: 4.9 | AB51: 4.89 | AC51: 4.65 | AD51: 4.06 | AE51: 4.44 | AF51: 6.06
Z52: 1.67 | AA52: 2.2 | AB52: 2.38 | AC52: -4.88 | AD52: -5.65 | AE52: 2.29 | AF52: 2.88
Z53: 2.88 | AA53: 3.9 | AB53: 3.37 | AC53: 2.21 | AD53: 3 | AE53: 2.63 | AF53: -5.58
Z54: 6.48 | AA54: 7.85 | AB54: 5.91 | AC54: 4.41 | AD54: 5.68 | AE54: 6.21 | AF54: 8.75
Z55: -5.24 | AA55: -4.54 | AB55: -5.26 | AC55: 2.62 | AD55: 3.06 | AE55: -4.85 | AF55: -6.63
Z56: -4.67 | AA56: 7.95 | AB56: 8.17 | AC56: -3.5 | AD56: -4.39 | AE56: -4.36 | AF56: 8.84
Z57: -4.31 | AA57: -4.53 | AB57: -4.57 | AC57: -4.16 | AD57: -4.5 | AE57: -3.73 | AF57: -6.24
Z58: 4.52 | AA58: 6.89 | AB58: 6.82 | AC58: 4.1 | AD58: 4.44 | AE58: 5.74 | AF58: 5.97
C63: Sin kelly
C65: id_country | D65: country | E65: iteration_date | F65: n_model | G65: model_name | H65: f1_score | I65: dif_prec_bm | J65: G/P sin ea | K65: G/P con ea | L65: m | M65: Multiplicador ea | N65: m_to_use
C66: 6 | D66: argentina
C67: 167 | D67: usa | E67: 45570
C68: 48 | D68: england | E68: 45679 | F68: 395 | G68: LogisticRegression | H68: 57.245716 | I68: 2 | J68: 153.7 | K68: =-40.5+ 2413.68+ 163.23 -> 2536.41 | L68: 30 | M68: =K68/J68 -> 16.502342 | N68: =L68*'Data preparation'!$C$2 -> 3
C69: 55 | D69: france | E69: 45679 | F69: 724 | G69: LogisticRegression | H69: 57.762697 | I69: 7 | J69: 174.21 | K69: =1150.93+ 478.33+ 122.61 -> 1751.87 | L69: =60/2 -> 30 | M69: =K69/J69 -> 10.056082 | N69: =L69*'Data preparation'!$C$2 -> 3
C70: 59 | D70: germany | E70: 45680 | F70: 935 | G70: LogisticRegression | H70: 61.814767 | I70: 5 | J70: 149.66 | K70: =729.17+ 5039.3+ -26.81 -> 5741.66 | L70: =50/2 -> 25 | M70: =K70/J70 -> 38.364693 | N70: =L70*'Data preparation'!$C$2 -> 2.5
C71: 77 | D71: italy | E71: 45677 | F71: 931 | G71: LogisticRegression | H71: 59.804801 | I71: 11 | J71: 190.1 | K71: =-0.29+ 1243.98+ 236.53 -> 1480.22 | L71: 40 | M71: =K71/J71 -> 7.7865334 | N71: =L71*'Data preparation'!$C$2 -> 4
C72: 148 | D72: spain | E72: 45677 | F72: 112 | G72: LogisticRegression | H72: 56.318574 | I72: 8 | J72: 127.26 | K72: =1613.45+ 584.93+ -27.72 -> 2170.66 | L72: 40 | M72: =K72/J72 -> 17.056891 | N72: =L72*'Data preparation'!$C$2 -> 4
C76: Con kelly pero seleccionando con l_metrics y eso.
C77: id_country | D77: country | E77: iteration_date | F77: n_model | G77: model_name | H77: f1_score | I77: dif_prec_bm | J77: G/P sin ea | K77: G/P con ea | L77: m_home | M77: m_draw | N77: m_away | P77: Average m | Q77: Multiplicador ea | R77: m_to_use
C78: 6 | D78: argentina
C79: 167 | D79: usa | E79: 45570
C80: 48 | D80: england | E80: 45679 | F80: 395 | G80: LogisticRegression | H80: 57.245716 | I80: 2 | J80: 153.7 | K80: =-2+ 8641.42+ 76.54 -> 8715.96 | L80: 5 | M80: 60 | N80: 30 | P80: =AVERAGE(L80:N80) -> 31.666667 | Q80: =K80/J80 -> 56.707612 | R80: =P80*'Data preparation'!$C$2 -> 3.1666667
C81: 55 | D81: france | E81: 45679 | F81: 724 | G81: LogisticRegression | H81: 57.762697 | I81: 7 | J81: 174.21 | K81: =2560.91+ 473.91+ 196 -> 3230.82 | L81: 90 | M81: 50 | N81: 40 | P81: =AVERAGE(L81:N81) -> 60 | Q81: =K81/J81 -> 18.545548 | R81: =P81*'Data preparation'!$C$2/2 -> 3
C82: 59 | D82: germany | E82: 45680 | F82: 935 | G82: LogisticRegression | H82: 61.814767 | I82: 5 | J82: 149.66 | K82: =899.02+ 15191.45+ -2.4 -> 16088.07 | L82: 80 | M82: 90 | N82: 5 | P82: =AVERAGE(L82:N82) -> 58.333333 | Q82: =K82/J82 -> 107.49746 | R82: =P82*'Data preparation'!$C$2/2 -> 2.9166667
C83: 77 | D83: italy | E83: 45677 | F83: 931 | G83: LogisticRegression | H83: 59.804801 | I83: 11 | J83: 190.1 | K83: =11.94+ 1356.27+ 240.96 -> 1609.17 | L83: 10 | M83: 40 | N83: 50 | P83: =AVERAGE(L83:N83) -> 33.333333 | Q83: =K83/J83 -> 8.4648606 | R83: =P83*'Data preparation'!$C$2 -> 3.3333333
C84: 148 | D84: spain | E84: 45677 | F84: 112 | G84: LogisticRegression | H84: 56.318574 | I84: 8 | J84: 127.26 | K84: =1485.08+ 1015.76+ 21.03 -> 2521.87 | L84: 70 | M84: 70 | N84: 10 | P84: =AVERAGE(L84:N84) -> 50 | Q84: =K84/J84 -> 19.816675 | R84: =P84*'Data preparation'!$C$2 -> 5
C94: Hasta el sabado incluido:
C96: id_country | D96: country | E96: iteration_date | F96: n_model | G96: model_name | H96: test_accuracy | I96: recall | J96: f1_score | K96: %_gp_home | L96: %_gp_draw | M96: %_gp_away | N96: G/P sin ea | O96: G/P con ea | P96: Multiplicador ea | Q96: m_home | R96: m_draw | S96: m_away | T96: Average m | U96: m_to_use
C97: 6 | D97: argentina
C98: 167 | D98: usa | E98: 45570
C99: 48 | D99: england | E99: 45679 | F99: 395 | G99: LogisticRegression | H99: 58 | I99: 57.115449 | J99: 57.245716 | K99: -0.02 | L99: 99.14 | M99: 0.88 | N99: 153.70488 | O99: 8715.956 | P99: 55.705787 | Q99: 5 | R99: 60 | S99: 30 | T99: =AVERAGE(Q99:S99) -> 31.666667 | U99: =T99*'Data preparation'!$C$2 -> 3.1666667
C100: 55 | D100: france | E100: 45679 | F100: 724 | G100: LogisticRegression | H100: 61 | I100: 58.04 | J100: 57.76 | K100: 79.27 | L100: 14.67 | M100: 6.07 | N100: 174.2 | O100: 3230.82 | P100: 17.55 | Q100: 90 | R100: 50 | S100: 40 | T100: =AVERAGE(Q100:S100) -> 60 | U100: =T100*'Data preparation'!$C$2/2 -> 3
C101: 59 | D101: germany | E101: 45680 | F101: 935 | G101: LogisticRegression | H101: 64 | I101: 61.76 | J101: 61.81 | K101: 5.59 | L101: 94.43 | M101: -0.01 | N101: 149.67 | O101: 16088.07 | P101: 106.49 | Q101: 80 | R101: 90 | S101: 5 | T101: =AVERAGE(Q101:S101) -> 58.333333 | U101: =T101*'Data preparation'!$C$2/2 -> 2.9166667
C102: 77 | D102: italy | E102: 45677 | F102: 1623 | G102: LogisticRegression | H102: 60 | I102: 59.89 | J102: 58.66 | K102: -0.06 | L102: 92.71 | M102: 7.34 | N102: 130.83 | O102: 5977.86 | P102: 44.69 | Q102: 5 | R102: 80 | S102: 50 | T102: =AVERAGE(Q102:S102) -> 45 | U102: =T102*'Data preparation'!$C$2 -> 4.5
C103: 148 | D103: spain | E103: 45677 | F103: 814 | G103: LogisticRegression | H103: 56 | I103: 52 | J103: 51.98 | K103: 99.43 | L103: 0.64 | M103: -0.07 | N103: 96.01 | O103: 7974.28 | P103: 82.06 | Q103: 90 | R103: 15 | S103: 5 | T103: =AVERAGE(Q103:S103) -> 36.666667 | U103: =T103*'Data preparation'!$C$2 -> 3.6666667

Sheet Modelo semana 25
A1: Tabla. Modelo seleccionado por pais segun ≠ metricas combinadas
B2: roi_last_25_matches_sb_sin_ea | C2: roi_last_25_matches_sb_con_ea | D2: roi_last_25_matches_sin_ea | E2: roi_last_25_matches_con_ea | F2: ROI_sb_sin_ea | G2: ROI_sin_ea | H2: ROI_sb_con_ea | I2: ROI_con_ea | K2: ['ROI_sin_ea', 'ROI_con_ea'] | L2: ['ROI_sb_sin_ea', 'ROI_sb_con_ea'] | M2: ['ROI_sb_sin_ea', 'ROI_sin_ea', 'ROI_sb_con_ea', 'ROI_con_ea'] | N2: ['roi_last_25_matches_sb_sin_ea', 'ROI_sin_ea', 'roi_last_25_matches_sb_con_ea', 'ROI_con_ea'] | O2: ['roi_last_25_matches_sin_ea', 'ROI_sin_ea', 'roi_last_25_matches_con_ea', 'ROI_con_ea'] | P2: ['ROI_sb_sin_ea', 'ROI_sb_con_ea', 'roi_last_25_matches_sb_sin_ea', 'roi_last_25_matches_sb_con_ea']
A3: ENG | B3: 343 | C3: 343 | D3: 343 | E3: 343 | F3: 395 | G3: 395 | H3: 395 | I3: 395 | K3: 395 | L3: 395 | M3: 395 | N3: 343 | O3: 343 | P3: 343
A4: FRA | B4: 1127 | C4: 724 | D4: 724 | E4: 724 | F4: 724 | G4: 724 | H4: 724 | I4: 724 | K4: 724 | L4: 724 | M4: 724 | N4: 724 | O4: 724 | P4: 724
A5: GER | B5: 1051 | C5: 1051 | D5: 1051 | E5: 1051 | F5: 1051 | G5: 1051 | H5: 1051 | I5: 1051 | K5: 1051 | L5: 1051 | M5: 1051 | N5: 1051 | O5: 1051 | P5: 1051
A6: ITA | B6: 622 | C6: 622 | D6: 47 | E6: 47 | F6: 19 | G6: 19 | H6: 1623 | I6: 1623 | K6: 1623 | L6: 1623 | M6: 1623 | N6: 47 | O6: 47 | P6: 47
A7: SPA | B7: 1447 | C7: 1606 | D7: 1447 | E7: 1545 | F7: 1051 | G7: 1051 | H7: 112 | I7: 112 | K7: 112 | L7: 112 | M7: 112 | N7: 1606 | O7: 1243 | P7: 1606
E10: Hasta el sabado incluido
E11: england | F11: 343
E12: france | F12: 724
E13: germany | F13: 1051
E14: italy | F14: 47
E15: spain | F15: 1447
E18: En el iniicio del domingo:
E19: england | F19: 663
E20: france | F20: 654
E21: germany | F21: 1051
E22: italy | F22: 622
E23: spain | F23: 1545
C32: id_country | D32: country | E32: iteration_date | F32: n_model | G32: model_name | H32: ROI_sin_ea | I32: m_home | J32: m_draw | K32: m_away | L32: Average m | M32: m_to_use | N32: ROI_con_ea | O32: Multiplicador ea
C33: 6 | D33: argentina | E33: 45685 | F33: 616 | G33: LogisticRegression | H33: =5.8410821479406*100 -> 584.10821 | I33: 70 | J33: 45 | K33: 10 | N33: 31833.094 | O33: =N33/H33 -> 54.498624
C34: 167 | D34: usa
C35: 48 | D35: england | E35: 45679 | F35: 343 | G35: LogisticRegression | H35: =1.95083127981317*100 -> 195.08313 | I35: 10 | J35: 25 | K35: 25 | L35: =AVERAGE(I35:K35) -> 20 | M35: =L35*'Data preparation'!$C$2 -> 2 | N35: 2031.7274 | O35: =N35/H35 -> 10.414675
C36: 55 | D36: france | E36: 45679 | F36: 724 | G36: LogisticRegression | H36: =3.44623889518345*100 -> 344.62389 | I36: 70 | J36: 45 | K36: 45 | L36: =AVERAGE(I36:K36) -> 53.333333 | M36: =L36*'Data preparation'!$C$2 -> 5.3333333 | N36: 7144.8114 | O36: =N36/H36 -> 20.7322
C37: 59 | D37: germany | E37: 45680 | F37: 1051 | G37: LogisticRegression | H37: =5.03501136998037*100 -> 503.50114 | I37: 70 | J37: 70 | K37: 10 | L37: =AVERAGE(I37:K37) -> 50 | M37: =L37*'Data preparation'!$C$2 -> 5 | N37: 73522.012 | O37: =N37/H37 -> 146.02154
C38: 77 | D38: italy | E38: 45677 | F38: 281 | G38: LogisticRegression | H38: =2.76792853614368*100 -> 276.79285 | I38: 10 | J38: 70 | K38: 70 | L38: =AVERAGE(I38:K38) -> 50 | M38: =L38*'Data preparation'!$C$2 -> 5 | N38: 13938.355 | O38: =N38/H38 -> 50.35663
C39: 148 | D39: spain | E39: 45677 | F39: 1051 | G39: LogisticRegression | H39: =4.33116583093229*100 -> 433.11658 | I39: 45 | J39: 10 | K39: 25 | L39: =AVERAGE(I39:K39) -> 26.666667 | M39: =L39*'Data preparation'!$C$2 -> 2.6666667 | N39: 5748.9466 | O39: =N39/H39 -> 13.273439

Sheet Modelo semana 26
A2: 1681 | B2: 0.07 | D2: 0.74 | G2: 1681 | K2: 0.13 | L2: 0.78
A3: 683 | B3: 0.12 | D3: 0.93 | G3: 683 | K3: 0.13 | L3: 0.91
A4: 354 | B4: 0.01 | D4: 0.76 | G4: 354 | K4: 0.09 | L4: 0.85
A5: 1023 | B5: 0.24 | D5: 0.94 | G5: 1023 | K5: 0.22 | L5: 0.91
A6: 508 | B6: 0.38 | D6: 1 | G6: 508 | K6: 0.45 | L6: 1
B9: Bank inicial part 100 | C9: Bank final con assess | D9: ROI assess
A10: 1681 | B10: 410 | C10: 342 | D10: =(C10-B10)/B10 -> -0.16585366 | F10: Tal vez seleccionar por last 50 nada mas? hubiera seleccionado mejores modelos?
A11: 683 | B11: 440 | C11: 374 | D11: =(C11-B11)/B11 -> -0.15 | F11: Usar f1_score en vez de accuracy.
A12: 354 | B12: 585 | C12: 447 | D12: =(C12-B12)/B12 -> -0.23589744
A13: 1023 | D13: =(C13-B13)/B13 -> #DIV/0!
A14: 508 | D14: =(C14-B14)/B14 -> #DIV/0!
H16: Es evidente que la seleccion actual no funciona porque seleccionaba totalmente otros modelos y los modelos que mejor rindieron no estaban ni cerca de ser elegidos.
H17: Mejor modelo --> Modelo a seleccionar cuando tenia test... ver con que metricas los hubiera seleccionado.. | I17: metodo de seleccion
A18: 332 | B18: 0.05 | C18: 0.85 | G18: ENG | H18: 332 | I18: Por f1_score en last 50 no. Por expected ROI no.
A19: 518 | B19: 0.01 | C19: 0.81 | G19: FRA | H19: 1,288 1,117 1,126 | I19: Por recall / f1_score en last 50, en FRA quedaban cerca de elegir los mejores modelos... si lo mezclaba con f1_score en last_25 quedaban. Pero no usar ROI ni test_acc. Expecetd no (aunque mejor que recall y esas)
A20: 1082 | B20: 0.04 | C20: 0.89 | G20: GER | H20: 411 | I20: Por recall. No last matches. Por expected ROI? Hubiera seleccionado el 411.
G21: ITA | H21: 1,216 1,016 1,015 1,270 | I21: Por recall en last 50. Luego por f1_score en last 50 si. Por ROI no. En last 25 no tnato. Expected ROI mejor que recall y esas. Incluso seleccionaba el 1216.
G22: SPA | H22: 530 1,151 770 508 1,201 | I22: Por recall? Por expected ROI? Por expecetd ROI, seleccionaba el 770 y 3ro 1201
I24: CONCLUSIONES
B25: country | I25: El expected estaria bueno pero funciona mal en ENG?
B26: england | C26: 332
B27: france | C27: 1288
B28: germany | C28: 411
B29: italy | C29: 1015
B30: spain | C30: 530 | I30: PLAN DE ACCION:
I31: Seleccion de modelos candidatos
I32: el 411 de GER casi queda fuera del recorte de candidatos. Dado que el ROI no sirve, usar solo f1_score?
I33: En FRA, sucedia lo mismo, los mejores modelos casi quedan fuera del corte por candidatos.
I35: No considero el expected roi tampoco. Funciona muy mal para algunos paises.
I39: Metricas para selec modelo.
I40: Usar expected en ligas donde la correalcion entre ROI y expected roi sea alto? No al reves...
I41: Usar recall o f1_score? Con recall, funciona joya salvo en FRA.
I42: Cuando considero recall en last_50 y recall_en last_25 --> Funciona muchisimo mejor.
I44: Uso las mismas metricas para seleccionar los candidatos. Simplifico y ademas genero consistencia.

Sheet Modelo semana 27
B1: Cambio en seleccion: tener en cuenta ROI_sin_ea para seleccionar modelos. O sea, en la seleccion de candidatos recall y roi_sin_ea y en la seleccion del modelo recall y roi_sin_ea en ultimos partidos.
C3: antes | D3: despues | H3: antes: seleccionando modelos por recall.
B4: ENG | C4: ROI | D4: ROI | H4: despues: seleccionando modelos por recall y roi_sin_ea
B5: Sum | C5: =SUM(C6:C18) -> 23.59 | D5: =SUM(D6:D18) -> 33.21 | E5: =(D5-C5)/C5 -> 0.40779992 | F5: Mejora!
C6: 2.99 | D6: 4.4
C7: 3.75 | D7: 3.06 | H7: En ENG, - el 2278 no habia quedado entre los mejores modelos por recall. - los mejores modelos crecen en ROI_sin_ea. Es bueno
C8: 3.6 | D8: 2.27
C9: 1.86 | D9: 2.3 | H9: En FRA, - el 518 no habia quedado entre los mejores modelos por recall.
C10: 1.49 | D10: 1.89
C11: 0.3 | D11: 4.18 | H11: En GER, - el 645 no habia quedado entre los mejores modelos por recall.
C12: 1.11 | D12: 3.1
C13: 2.12 | D13: 2.35 | H13: En ITA, - el 1023 si era seleccionado por recall.
C14: 2.27 | D14: 1.89
C15: 1.29 | D15: 1.84
C16: 0.73 | D16: 1.37 | H16: En SPA, - el 499 no habia quedado entre los mejores modelos por recall.
C17: 1.01 | D17: 2.3
C18: 1.07 | D18: 2.26
B20: FRA | C20: antes | D20: despues
B21: Sum | C21: =sum(C22:C34) -> 17.92 | D21: =sum(D22:D34) -> 25.11 | E21: =(D21-C21)/C21 -> 0.40122768 | F21: Mejora!
C22: 1.97 | D22: 3.42
C23: 1.37 | D23: 2.97
C24: 0.9 | D24: 1.97
C25: 1.11 | D25: 1.29
C26: 1.42 | D26: 1.68
C27: 1.63 | D27: 1.37
C28: 2.46 | D28: 2.09
C29: 2.77 | D29: 1.34
C30: 1.67 | D30: 3.31
C31: 0.3 | D31: 1.58
C32: 1.63 | D32: 0.92
C33: 0.09 | D33: 0.91
C34: 0.6 | D34: 2.26
B37: GER | C37: antes | D37: despues
B38: Sum | C38: =sum(C39:C51) -> 41.51 | D38: =sum(D39:D51) -> 42.82 | E38: =(D38-C38)/C38 -> 0.031558661 | F38: Mantiene
C39: 1.76 | D39: 3.01
C40: 5.05 | D40: 5.05
C41: 3.96 | D41: 3.16
C42: 3.42 | D42: 2.13
C43: 4.29 | D43: 3.96
C44: 4.28 | D44: 2.16
C45: 3.14 | D45: 1.69
C46: 4.19 | D46: 4.28
C47: 3.32 | D47: 3.98
C48: 0.93 | D48: 4.76
C49: 4.38 | D49: 2.07
C50: 2.21 | D50: 3.14
C51: 0.58 | D51: 3.43
B54: ITA | C54: antes | D54: despues
B55: Sum | C55: =sum(C56:C69) -> 26.14 | D55: =sum(D56:D68) -> 26.29 | E55: =(D55-C55)/C55 -> 0.0057383321 | F55: Mantiene
C56: 1.37 | D56: 4.62
C57: 2.53 | D57: 1.75
C58: 2.5 | D58: 2.53
C59: 4.62 | D59: 2.5
C60: 1.51 | D60: 1.85
C61: 2.54 | D61: 1.51
C62: 1.9 | D62: 1.09
C63: 1.79 | D63: 1.39
C64: 1.95 | D64: 1.17
C65: 0.87 | D65: 1.9
C66: 1.46 | D66: 1.02
C67: 0.59 | D67: 2.42
... C69: 1.91 | D69: 1.46
B71: SPA | C71: antes | D71: despues
B72: Sum | C72: =sum(C73:C86) -> 15.74 | D72: =sum(D73:D85) -> 21.91 | E72: =(D72-C72)/C72 -> 0.39199492 | F72: Mejora!
C73: 1.39 | D73: 2.51
C74: 0.61 | D74: 1.39
C75: 1.58 | D75: 1.4
C76: 0.56 | D76: 3.85
C77: 0.74 | D77: 0.74
C78: 0.99 | D78: 0.99
C79: 3.84 | D79: 3.84
C80: 1.58 | D80: 1.58
C81: 0.88 | D81: 2.37
C82: 0.99 | D82: 0.56
C83: 1.13 | D83: 0.61
C84: 0.91 | D84: 1.22
C85: 0.54 | D85: 0.85

Sheet Data preparation
B2: porc_m | C2: 0.1
B3: average m_to_use | C3: =AVERAGE(#REF!) -> #REF!
AE4: Correl | AF4: =CORREL(AE6:AE10000,AF6:AF10000) -> 0.41131828
B5: Promedio | L5: PROMEDIO PONDERADO | P5: CONTADOR DE RDOS | AE5: x | AF5: y
B6: Promedio ROI pp top 10 modelos | F6: Promedio ROI pp top 20 modelos | L6: Mean variable | N6: Mean Weigh variable | P6: Result | R6: Count result | V6: Comparo con result real | AA6: Shape | AB6: X | AE6: 519.2 | AF6: -50.86
L7: =AVERAGE(L10:L19) -> #VALUE! | N7: =SUM(N10:N29)/SUM(M10:M19) -> #VALUE! | P7: 1 | R7: 1 | S7: =COUNTIF($P$7:$P1775,R7) -> 51 | T7: =S7/$S$10 -> 0.46363636 | V7: 33 | W7: =(S7-V7)/V7 -> 0.54545455 | AA7: (81, 8) | AB7: =LEFT(REPLACE(AA7,1,1,""),FIND(",", AA7)-2)/1 -> 81 | AE7: 415.94 | AF7: -60.55
B8: 3.60 | C8: =REPLACE(B8,FIND(".",B8),1,",")*1 -> #VALUE! | F8: 5.80 | G8: =REPLACE(F8,FIND(".",F8),1,",")*1 -> #VALUE! | I8: 30 | J8: 50 | P8: 2 | R8: 0 | S8: =COUNTIF($P$7:$P1776,R8) -> 29 | T8: =S8/$S$10 -> 0.26363636 | V8: 19 | W8: =(S8-V8)/V8 -> 0.52631579 | AA8: (54, 27) | AB8: =LEFT(REPLACE(AA8,1,1,""),FIND(",", AA8)-2)/1 -> 54 | AE8: 396.62 | AF8: 77.53
B9: 3.67 | C9: =REPLACE(B9,FIND(".",B9),1,",")*1 -> #VALUE! | F9: 4.92 | G9: =REPLACE(F9,FIND(".",F9),1,",")*1 -> #VALUE! | I9: 30 | J9: 50 | L9: Variable | M9: Peso | N9: Variable * Peso | P9: 1 | R9: 2 | S9: =COUNTIF($P$7:$P1777,R9) -> 30 | T9: =S9/$S$10 -> 0.27272727 | V9: 24 | W9: =(S9-V9)/V9 -> 0.25 | AA9: (81, 23) | AB9: =LEFT(REPLACE(AA9,1,1,""),FIND(",", AA9)-2)/1 -> 81 | AE9: 386.95 | AF9: 196.62
B10: 3.51 | C10: =REPLACE(B10,FIND(".",B10),1,",")*1 -> #VALUE! | F10: 9.15 | G10: =REPLACE(F10,FIND(".",F10),1,",")*1 -> #VALUE! | I10: 20 | J10: 40 | L10: =C8 -> #VALUE! | M10: =M11*2 -> 512 | N10: =M10*L10 -> #VALUE! | P10: 0 | S10: =SUM(S7:S9) -> 110 | V10: =SUM(V7:V9) -> 76 | AA10: (54, 54) | AB10: =LEFT(REPLACE(AA10,1,1,""),FIND(",", AA10)-2)/1 -> 54 | AE10: 325.02 | AF10: 159.3
B11: 2.74 | C11: =REPLACE(B11,FIND(".",B11),1,",")*1 -> #VALUE! | F11: 3.83 | G11: =REPLACE(F11,FIND(".",F11),1,",")*1 -> #VALUE! | I11: 20 | J11: 40 | L11: =C9 -> #VALUE! | M11: =M12*2 -> 256 | N11: =M11*L11 -> #VALUE! | P11: 2 | AA11: (54, 24) | AB11: =LEFT(REPLACE(AA11,1,1,""),FIND(",", AA11)-2)/1 -> 54 | AE11: 311 | AF11: 139.56
B12: 3.65 | C12: =REPLACE(B12,FIND(".",B12),1,",")*1 -> #VALUE! | F12: 5.94 | G12: =REPLACE(F12,FIND(".",F12),1,",")*1 -> #VALUE! | I12: 20 | J12: 40 | L12: =C10 -> #VALUE! | M12: =M13*2 -> 128 | N12: =M12*L12 -> #VALUE! | P12: 1 | AA12: (54, 54) | AB12: =LEFT(REPLACE(AA12,1,1,""),FIND(",", AA12)-2)/1 -> 54 | AE12: 298.88 | AF12: 9.97
B13: 3.63 | C13: =REPLACE(B13,FIND(".",B13),1,",")*1 -> #VALUE! | F13: 6.18 | G13: =REPLACE(F13,FIND(".",F13),1,",")*1 -> #VALUE! | I13: 20 | J13: 40 | L13: =C11 -> #VALUE! | M13: =M14*2 -> 64 | N13: =M13*L13 -> #VALUE! | P13: 1 | S13: Tipto | T13: BET | U13: FB | AA13: (81, 4) | AB13: =LEFT(REPLACE(AA13,1,1,""),FIND(",", AA13)-2)/1 -> 81 | AE13: 278.86 | AF13: -2.22
B14: 3.68 | C14: =REPLACE(B14,FIND(".",B14),1,",")*1 -> #VALUE! | F14: 9.33 | G14: =REPLACE(F14,FIND(".",F14),1,",")*1 -> #VALUE! | I14: 20 | J14: 40 | L14: =C12 -> #VALUE! | M14: =M15*2 -> 32 | N14: =M14*L14 -> #VALUE! | P14: 1 | R14: 1 | S14: 18 | T14: 21 | U14: 11 | AA14: (81, 15) | AB14: =LEFT(REPLACE(AA14,1,1,""),FIND(",", AA14)-2)/1 -> 81 | AE14: 248.07 | AF14: -78.26
B15: 3.64 | C15: =REPLACE(B15,FIND(".",B15),1,",")*1 -> #VALUE! | F15: 8.30 | G15: =REPLACE(F15,FIND(".",F15),1,",")*1 -> #VALUE! | I15: 20 | J15: 40 | L15: =C13 -> #VALUE! | M15: =M16*2 -> 16 | N15: =M15*L15 -> #VALUE! | P15: 1 | R15: 0 | S15: 8 | T15: 0 | U15: 13 | AA15: (54, 20) | AB15: =LEFT(REPLACE(AA15,1,1,""),FIND(",", AA15)-2)/1 -> 54 | AE15: 247.8 | AF15: -49.83
B16: 2.71 | C16: =REPLACE(B16,FIND(".",B16),1,",")*1 -> #VALUE! | F16: 5.73 | G16: =REPLACE(F16,FIND(".",F16),1,",")*1 -> #VALUE! | I16: 20 | J16: 40 | L16: =C14 -> #VALUE! | M16: =M17*2 -> 8 | N16: =M16*L16 -> #VALUE! | P16: 0 | R16: 2 | S16: 10 | T16: 15 | U16: 12 | AA16: (81, 10) | AB16: =LEFT(REPLACE(AA16,1,1,""),FIND(",", AA16)-2)/1 -> 81 | AE16: 245.03 | AF16: 213.08
B17: 2.80 | C17: =REPLACE(B17,FIND(".",B17),1,",")*1 -> #VALUE! | F17: 5.42 | G17: =REPLACE(F17,FIND(".",F17),1,",")*1 -> #VALUE! | I17: 20 | J17: 40 | L17: =C15 -> #VALUE! | M17: =M18*2 -> 4 | N17: =M17*L17 -> #VALUE! | P17: 1 | R17: Total | S17: =SUM(S14:S16) -> 36 | T17: =SUM(T14:T16) -> 36 | U17: =SUM(U14:U16) -> 36 | AE17: 215.88 | AF17: 45.87
F18: 7.91 | G18: =REPLACE(F18,FIND(".",F18),1,",")*1 -> #VALUE! | I18: 10 | L18: =C16 -> #VALUE! | M18: =M19*2 -> 2 | N18: =M18*L18 -> #VALUE! | P18: 1 | AE18: 189.05 | AF18: 51.45
B19: Average | C19: =AVERAGE(C8:C17) -> #VALUE! | F19: 7.85 | G19: =REPLACE(F19,FIND(".",F19),1,",")*1 -> #VALUE! | I19: 10 | L19: =C17 -> #VALUE! | M19: 1 | N19: =M19*L19 -> #VALUE! | P19: 1 | AA19: Prom | AB19: =AVERAGE(AB7:AB16) -> 67.5 | AE19: 161.12 | AF19: 125.27
F20: 4.24 | G20: =REPLACE(F20,FIND(".",F20),1,",")*1 -> #VALUE! | I20: 10 | P20: 1 | AE20: 147.56 | AF20: -64.93
F21: 4.73 | G21: =REPLACE(F21,FIND(".",F21),1,",")*1 -> #VALUE! | I21: 10 | P21: 1 | S21: Tipto | T21: BET | U21: FB | AE21: 146.62 | AF21: 74.55
F22: 5.56 | G22: =REPLACE(F22,FIND(".",F22),1,",")*1 -> #VALUE! | I22: 10 | P22: 0 | R22: 1 | S22: =S14/S$17 -> 0.5 | T22: =T14/T$17 -> 0.58333333 | U22: =U14/U$17 -> 0.30555556 | AE22: 143.08 | AF22: 57.92
F23: 45356 | G23: =REPLACE(F23,FIND(".",F23),1,",")*1 -> #VALUE! | I23: 10 | P23: 1 | R23: 0 | S23: =S15/S$17 -> 0.22222222 | T23: =T15/T$17 -> 0 | U23: =U15/U$17 -> 0.36111111 | AE23: 135.11 | AF23: -1.76
F24: 4.19 | G24: =REPLACE(F24,FIND(".",F24),1,",")*1 -> #VALUE! | I24: 10 | P24: 1 | R24: 2 | S24: =S16/S$17 -> 0.27777778 | T24: =T16/T$17 -> 0.41666667 | U24: =U16/U$17 -> 0.33333333 | AE24: 132.91 | AF24: 294.68
F25: 2.63 | G25: =REPLACE(F25,FIND(".",F25),1,",")*1 -> #VALUE! | I25: 10 | P25: 1 | R25: Total | S25: =SUM(S22:S24) -> 1 | T25: =SUM(T22:T24) -> 1 | U25: =SUM(U22:U24) -> 1 | AE25: 127.74 | AF25: 332.05
F26: 4.54 | G26: =REPLACE(F26,FIND(".",F26),1,",")*1 -> #VALUE! | I26: 10 | P26: 1 | AE26: 124.15 | AF26: 249.31
F27: 45542 | G27: =REPLACE(F27,FIND(".",F27),1,",")*1 -> #VALUE! | I27: 10 | P27: 1 | AE27: 111.37 | AF27: 140.53
P28: 1 | AA28: n_iteration | AB28: roi | AC28: roi | AE28: 106.73 | AF28: -68.34
F29: Average | G29: =AVERAGE(G8:G27) -> #VALUE! | I29: =AVERAGE(I8:I27) -> 16 | J29: =AVERAGE(J8:J17) -> 42 | P29: 0 | AA29: 1051 | AB29: 207.56 | AC29: =VLOOKUP(AA29,$AA$48:$AB$62,2,0) -> 263.81 | AD29: =(AC29-AB29)/AB29 -> 0.27100597 | AE29: 101.39 | AF29: 207.24
P30: 0 | AA30: 112 | AB30: 185.35 | AC30: =VLOOKUP(AA30,$AA$48:$AB$62,2,0) -> 130.76 | AD30: =(AC30-AB30)/AB30 -> -0.29452387 | AE30: 95.51 | AF30: 214.38
P31: 2 | S31: prob_result_to_bet | T31: prob_bm | U31: odd | V31: kelly_crit | AA31: 752 | AB31: 121.6 | AC31: =VLOOKUP(AA31,$AA$48:$AB$62,2,0) -> 78.68 | AD31: =(AC31-AB31)/AB31 -> -0.35296053 | AE31: 93.4 | AF31: 111.66
B32: Falta entrenarlos: 1) sin rellenar formaciones antes de construir 2) Con todos l_models y no solo logistic. | P32: 0 | S32: 40 | T32: 50 | AA32: 1475 | AB32: 120.82 | AC32: =VLOOKUP(AA32,$AA$48:$AB$62,2,0) -> 83.5 | AD32: =(AC32-AB32)/AB32 -> -0.30888926 | AE32: 90.38 | AF32: -64.77
B33: 3) Integracion por liga. --> FRA tenes que recolectar Sofifa de la Ligue 2 del fifa 25 antes... | P33: 1 | S33: 80 | T33: 90 | AA33: 1545 | AB33: 111.42 | AC33: =VLOOKUP(AA33,$AA$48:$AB$62,2,0) -> 101.16 | AD33: =(AC33-AB33)/AB33 -> -0.092084006 | AE33: 86.8 | AF33: 86.2
P34: 0 | AA34: 814 | AB34: 104.32 | AC34: =VLOOKUP(AA34,$AA$48:$AB$62,2,0) -> 60.31 | AD34: =(AC34-AB34)/AB34 -> -0.421875 | AE34: 84.15 | AF34: 5.62
H35: Stake promedio | P35: 1 | AA35: 1426 | AB35: 101.23 | AC35: =VLOOKUP(AA35,$AA$48:$AB$62,2,0) -> 68.02 | AD35: =(AC35-AB35)/AB35 -> -0.3280648 | AE35: 83.01 | AF35: 43.27
G36: ENG | H36: 4.555 | P36: 1 | AA36: 1447 | AB36: 97.89 | AC36: =VLOOKUP(AA36,$AA$48:$AB$62,2,0) -> 138.76 | AD36: =(AC36-AB36)/AB36 -> 0.41750945 | AE36: 80.91 | AF36: 128.36
D37: =AVERAGE(D39:D1775) -> 4.8911538 | G37: FRA | H37: 7.5552941 | P37: 1 | AA37: 136 | AB37: 87.93 | AC37: =VLOOKUP(AA37,$AA$48:$AB$62,2,0) -> 58.8 | AD37: =(AC37-AB37)/AB37 -> -0.33128625 | AE37: 80.19 | AF37: -56.27
G38: GER | H38: 2.21 | P38: 2 | AA38: 1526 | AB38: 85.82 | AC38: =VLOOKUP(AA38,$AA$48:$AB$62,2,0) -> 53.3 | AD38: =(AC38-AB38)/AB38 -> -0.37893265 | AE38: 79.61 | AF38: -61.31
D39: 8.46 | G39: ITA | H39: 9.9382353 | P39: 1 | AA39: 952 | AB39: 78.09 | AC39: =VLOOKUP(AA39,$AA$48:$AB$62,2,0) -> 73.76 | AD39: =(AC39-AB39)/AB39 -> -0.055448841 | AE39: 78.89 | AF39: -18.54
D40: 7.25 | G40: SPA | H40: 3.3411111 | P40: 2 | AA40: 1606 | AB40: 77.21 | AC40: =VLOOKUP(AA40,$AA$48:$AB$62,2,0) -> 75.05 | AD40: =(AC40-AB40)/AB40 -> -0.027975651 | AE40: 78.73 | AF40: 134.76
D41: 7.15 | P41: 0 | AA41: 1164 | AB41: 76.05 | AC41: =VLOOKUP(AA41,$AA$48:$AB$62,2,0) -> 26.27 | AD41: =(AC41-AB41)/AB41 -> -0.65456936 | AE41: 78.25 | AF41: -66.82
D42: 7.07 | P42: 2 | AA42: 1448 | AB42: 71.77 | AC42: =VLOOKUP(AA42,$AA$48:$AB$62,2,0) -> 39.69 | AD42: =(AC42-AB42)/AB42 -> -0.44698342 | AE42: 76.75 | AF42: -3.93
D43: 6.67 | P43: 1 | AA43: 1614 | AB43: 68.01 | AC43: =VLOOKUP(AA43,$AA$48:$AB$62,2,0) -> 67.42 | AD43: =(AC43-AB43)/AB43 -> -0.0086751948 | AE43: 72.53 | AF43: -12.29
D44: 6.63 | P44: 2 | AB44: =AVERAGE(AB29:AB43) -> 106.338 | AC44: =AVERAGE(AC29:AC43) -> 87.952667 | AD44: =AVERAGE(AD29:AD43) -> -0.20091689 | AE44: 70.47 | AF44: 373.65
D45: 6.58 | P45: 1 | AE45: 69.71 | AF45: -64.4
D46: 6.53 | G46: Country | H46: Correl ROI y Expected ROI | P46: 0 | AE46: 69.63 | AF46: -60.86
D47: 6.4 | G47: ENG | H47: 0.37645359 | P47: 2 | AA47: n_model | AB47: roi | AE47: 67.98 | AF47: 104.85
D48: 6.4 | G48: FRA | H48: 0.3667874 | J48: mean | K48: =AVERAGE(H47:H51) -> 0.32619904 | P48: 2 | AA48: 136 | AB48: 58.8 | AE48: 65.59 | AF48: -43.48
D49: 6.38 | G49: GER | H49: 0.14287035 | J49: median | K49: =MEDIAN(H47:H51) -> 0.3667874 | P49: 1 | AA49: 1051 | AB49: 263.81 | AE49: 63.74 | AF49: -13.96
D50: 6.38 | G50: ITA | H50: 0.49743784 | J50: p25 | K50: =PERCENTILE(H47:H51,0.25) -> 0.24744604 | P50: 1 | AA50: 112 | AB50: 130.76 | AE50: 61 | AF50: -77.71
D51: 6.36 | G51: SPA | H51: 0.24744604 | J51: p75 | K51: =PERCENTILE(H47:H51,0.75) -> 0.37645359 | P51: 2 | AA51: 1545 | AB51: 101.16 | AE51: 59.79 | AF51: -9.07
D52: 6.35 | P52: 0 | AA52: 1447 | AB52: 138.76 | AE52: 59.39 | AF52: -33.86
D53: 6.22 | P53: 0 | AA53: 1426 | AB53: 68.02 | AE53: 58.59 | AF53: -74.83
D54: 6.16 | P54: 2 | AA54: 1475 | AB54: 83.5 | AE54: 49.75 | AF54: 149.15
D55: 6.14 | P55: 0 | AA55: 1606 | AB55: 75.05 | AE55: 48.97 | AF55: 25.8
D56: 6.08 | P56: 0 | AA56: 1614 | AB56: 67.42 | AE56: 48.13 | AF56: 108.9
D57: 6.05 | P57: 2 | AA57: 814 | AB57: 60.31 | AE57: 47.34 | AF57: 135.05
D58: 6 | G58: Gracias a las nuevas métricas de G/P sin bank en test, me di cuenta de que: | P58: 1 | AA58: 752 | AB58: 78.68 | AE58: 47.21 | AF58: 125.02
D59: 5.91 | H59: La rentabilidad en ITA está en el visitante y no en el empate como creía. | P59: 0 | AA59: 952 | AB59: 73.76 | AE59: 45.51 | AF59: 1.46
D60: 5.84 | H60: La rentabilidad en ENG y GER está en el empate tal como creía. | P60: 2 | AA60: 1526 | AB60: 53.3 | AE60: 44.74 | AF60: 91.29
D61: 5.84 | H61: En SPA esta repartido aunque Empate saca una ventaja. | P61: 2 | AA61: 1448 | AB61: 39.69 | AE61: 44.45 | AF61: -32.75
D62: 5.81 | H62: En FRA, depende el modelo. A veces local, a veces, empate. | P62: 1 | AA62: 1164 | AB62: 26.27 | AE62: 43.57 | AF62: -43.4
D63: 5.81 | H63: Si en FRA empate no rinde, no tiene sentido exigirle una buena distrib en empate… → Tiene sentido pero al parecer si importa el empate puesto que el modelo que gana se basa en empate. | P63: 0 | AE63: 43.45 | AF63: -44.18
D64: 5.75 | P64: 1 | AE64: 43.36 | AF64: -27.6
D65: 5.65 | P65: 2 | AE65: 42.74 | AF65: -59.18
D66: 5.54 | P66: 0 | AE66: 42.18 | AF66: -37.16
D67: 5.26 | P67: 0 | AE67: 40.68 | AF67: 223.42
D68: 5.1 | P68: 1 | AE68: 39.22 | AF68: -20.09
D69: 5.08 | P69: 2 | AE69: 38.29 | AF69: -64.28
D70: 4.9 | P70: 1 | AE70: 37.04 | AF70: -46.65
D71: 4.62 | P71: 1 | AE71: 35.75 | AF71: 19.5
D72: 4.54 | P72: 0 | AE72: 34.32 | AF72: -73.73
D73: 4.53 | P73: 1 | AE73: 34.22 | AF73: -18.66
D74: 4.51 | P74: 0 | AE74: 33.52 | AF74: -40.62
D75: 4.5 | P75: 1 | AE75: 33.35 | AF75: -47.6
... D90: 0.1 | P90: 1 | AE90: 16.85 | AF90: -50.81
P91: 1 | AE91: 16.11 | AF91: -52.86
P92: 2 | AE92: 16.08 | AF92: 80.01
P93: 0 | AE93: 15.84 | AF93: -77.3
P94: 0 | AE94: 14.26 | AF94: 40.11
P95: 1 | AE95: 14.03 | AF95: -4.79
P96: 2 | AE96: 12.81 | AF96: 18.57
P97: 0 | AE97: 12.67 | AF97: -30.26
P98: 2 | AE98: 12.56 | AF98: -41.83
P99: 2 | AE99: 12.05 | AF99: -26.54
P100: 2 | AE100: 11.89 | AF100: 165.95
P101: 2 | AE101: 11.24 | AF101: -30.28
P102: 2 | AE102: 10.65 | AF102: -65.29
... P116: 1 | AE116: 1.32 | AF116: 25.47
AE117: 0.88 | AF117: -52.33
AE118: 0.4 | AF118: -16.42
AE119: 0.22 | AF119: 22.39
AE120: 0.13 | AF120: -16.88
AE121: -0.43 | AF121: 48.74
AE122: -0.45 | AF122: 4.32
AE123: -1.63 | AF123: -35.85
AE124: -1.73 | AF124: -38.06
AE125: -2.37 | AF125: -50.44
AE126: -3.35 | AF126: -36.07
AE127: -4.4 | AF127: -53.6
AE128: -4.49 | AF128: -9.17
...

Sheet Framework
B1: RENTABILIDAD | G1: DISTRIBUCION BETS
A2: n_model | B2: roi_50 | C2: roi_100 | D2: roi | E2: roi_por_partido | F2: % ROI 100 | G2: 1 | H2: X | I2: 2 | J2: # aciertos | K2: % aciertos | L2: # aciertos empate | M2: % aciertos empate | N2: Descarte x | O2: Orden de prioridad | P2: Obs | S2: SEMANA 29
F3: =IFERROR((E3-C3)/abs(C3),"") | K3: =IF(ISNUMBER(J3),J3/$E$29,"") | M3: =IF(ISNUMBER(L3),L3/H3,"")
F4: =IFERROR((E4-C4)/abs(C4),"") | K4: =IF(ISNUMBER(J4),J4/$E$29,"") | M4: =IF(ISNUMBER(L4),L4/H4,"") | S4: Volver a implementar ea por rdo para evitar esas caidas rancias en 1 de ITA y ENG. (en vez de doble oportunidad)
F5: =IFERROR((E5-C5)/abs(C5),"") | K5: =IF(ISNUMBER(J5),J5/$E$29,"") | M5: =IF(ISNUMBER(L5),L5/H5,"") | T5: Baja el m de SPA en relacion al resto, eso esta buenisimo.
F6: =IFERROR((E6-C6)/abs(C6),"") | K6: =IF(ISNUMBER(J6),J6/$E$29,"") | M6: =IF(ISNUMBER(L6),L6/H6,"") | T6: Me hubiera ido mucho mejor en esta semana 29. Cuanto mejor? | AD6: Eliminar x distrib? Si eliminara por distrib no elegigiria nunca el 145 en ENG
F7: =IFERROR((E7-C7)/abs(C7),"") | K7: =IF(ISNUMBER(J7),J7/$E$29,"") | M7: =IF(ISNUMBER(L7),L7/H7,"") | AD7: Si tengo en cuenta el ROI con ea en la seleccion con ea por rdo?
F8: =IFERROR((E8-C8)/abs(C8),"") | K8: =IF(ISNUMBER(J8),J8/$E$29,"") | M8: =IF(ISNUMBER(L8),L8/H8,"") | S8: definir dp primero por rdo y luego para auqellos en los que no funciono, usar un mismo m? | AD8: Kelly criterion con -0.5 x ej? para evitar realmente donde no conviene? No, no me siento comodo con eso.
F9: =IFERROR((E9-C9)/abs(C9),"") | K9: =IF(ISNUMBER(J9),J9/$E$29,"") | M9: =IF(ISNUMBER(L9),L9/H9,"")
F10: =IFERROR((E10-C10)/abs(C10),"") | K10: =IF(ISNUMBER(J10),J10/$E$29,"") | M10: =IF(ISNUMBER(L10),L10/H10,"")
F11: =IFERROR((E11-C11)/abs(C11),"") | K11: =IF(ISNUMBER(J11),J11/$E$29,"") | M11: =IF(ISNUMBER(L11),L11/H11,"")
F12: =IFERROR((E12-C12)/abs(C12),"") | K12: =IF(ISNUMBER(J12),J12/$E$29,"") | M12: =IF(ISNUMBER(L12),L12/H12,"")
F13: =IFERROR((E13-C13)/abs(C13),"") | K13: =IF(ISNUMBER(J13),J13/$E$29,"") | M13: =IF(ISNUMBER(L13),L13/H13,"")
F14: =IFERROR((E14-C14)/abs(C14),"") | K14: =IF(ISNUMBER(J14),J14/$E$29,"") | M14: =IF(ISNUMBER(L14),L14/H14,"")
F15: =IFERROR((E15-C15)/abs(C15),"") | K15: =IF(ISNUMBER(J15),J15/$E$29,"") | M15: =IF(ISNUMBER(L15),L15/H15,"") | S15: Observaciones: - en eng ya ningun modelo candidato es rentable en los utimos partidos. Tal vez es momento de reentrenar con sofifa actualizado. - en FRA
F16: =IFERROR((E16-C16)/abs(C16),"") | K16: =IF(ISNUMBER(J16),J16/$E$29,"") | M16: =IF(ISNUMBER(L16),L16/H16,"")
F17: =IFERROR((E17-C17)/abs(C17),"") | K17: =IF(ISNUMBER(J17),J17/$E$29,"") | M17: =IF(ISNUMBER(L17),L17/H17,"")
F18: =IFERROR((E18-C18)/abs(C18),"") | K18: =IF(ISNUMBER(J18),J18/$E$29,"") | M18: =IF(ISNUMBER(L18),L18/H18,"")
F19: =IFERROR((E19-C19)/abs(C19),"") | K19: =IF(ISNUMBER(J19),J19/$E$29,"") | M19: =IF(ISNUMBER(L19),L19/H19,"") | S19: Tendre que crear columna kelly_criterion en database de VPS
F20: =IFERROR((E20-C20)/abs(C20),"") | K20: =IF(ISNUMBER(J20),J20/$E$29,"") | M20: =IF(ISNUMBER(L20),L20/H20,"")
F21: =IFERROR((E21-C21)/abs(C21),"") | K21: =IF(ISNUMBER(J21),J21/$E$29,"") | M21: =IF(ISNUMBER(L21),L21/H21,"")
F22: =IFERROR((E22-C22)/abs(C22),"") | K22: =IF(ISNUMBER(J22),J22/$E$29,"") | M22: =IF(ISNUMBER(L22),L22/H22,"")
A24: Prom | B24: =IFERROR(AVERAGE(B3:B22),"") | C24: =IFERROR(AVERAGE(C3:C22),"") | D24: =IFERROR(AVERAGE(D3:D22),"") | E24: =IFERROR(AVERAGE(E3:E22),"") | F24: =IFERROR(AVERAGE(F3:F22),"") | S24: england | T24: 145 | U24: 145
S25: france | T25: 1172 | U25: 518
S26: germany | T26: 411 | U26: 812
G27: DISTRIBUCION REALIDAD | S27: italy | T27: 1267 | U27: 1023
G28: 1 | H28: X | I28: 2 | S28: spain | T28: 770 | U28: 1263
D29: # partidos | E29: =J29 -> 146 | G29: 59 | H29: 33 | I29: 54 | J29: =SUM(G29:I29) -> 146 | L29: result | M29: result to bet | O29: 1 | P29: =COUNTIF($M$30:$M1001,O29) -> 54
G30: =G29/$J$29 -> 0.40410959 | H30: =H29/$J$29 -> 0.2260274 | I30: =I29/$J$29 -> 0.36986301 | L30: 0 | M30: 2 | O30: 0 | P30: =COUNTIF($M$30:$M1002,O30) -> 23
L31: 2 | M31: 2 | O31: 2 | P31: =COUNTIF($M$30:$M1003,O31) -> 69 | S31: SEMANA 30
L32: 2 | M32: 2
G33: DISTRIBUCION HISTORICA | L33: 2 | M33: 2 | T33: era ea con kelly | W33: Metricas: F1_score + ROI sin ea + ROI con ea (ea con linear pero max Ex roi)
G34: 1 | H34: X | I34: 2 | L34: 0 | M34: 0 | S34: england | T34: 1626 | U34: Balance entre roi y ex roi | W34: 5193
G35: 0.485 | H35: 0.285 | I35: 0.23 | L35: 2 | M35: 2 | S35: france | T35: 4176 | U35: Balance entre roi y ex roi | W35: 4863
G36: =ROUND(G35*$E$29,0) -> 71 | H36: =ROUND(H35*$E$29,0) -> 42 | I36: =ROUND(I35*$E$29,0) -> 34 | L36: 2 | M36: 2 | S36: germany | T36: 5130 | W36: 3032
L37: 2 | M37: 2 | S37: italy | T37: 2114 | W37: 2114
F38: DIF | G38: =G30-G35 -> -0.080890411 | H38: =H30-H35 -> -0.058972603 | I38: =I30-I35 -> 0.13986301 | L38: 1 | M38: 0 | S38: spain | W38: 240
L39: 1 | M39: 1
L40: 1 | M40: 1
L41: 1 | M41: 1
L42: 0 | M42: 1
L43: 1 | M43: 0
L44: 2 | M44: 2
L45: 2 | M45: 2 | T45: Ver si funca initial date en prod. Deberia ser el dia de hoy + Agregar warning y user input si hay pocos ultimos partidos...
L46: 1 | M46: 1
L47: 1 | M47: 1
L48: 2 | M48: 2
L49: 1 | M49: 0 | S49: id_country | T49: country | U49: iteration_date | V49: n_model | W49: model_name | X49: ROI_sin_ea | Y49: m | Z49: m_home | AA49: m_draw | AB49: m_away | AC49: Average m | AD49: m_to_use | AE49: ROI_con_ea | AF49: Multiplicador ea | AG49: dp
L50: 2 | M50: 2 | S50: 6 | T50: argentina | U50: 45685 | V50: 616 | W50: LogisticRegression | X50: 584.10821 | Z50: 70 | AA50: 45 | AB50: 10 | AE50: 31833.094 | AF50: 54.498624
L51: 0 | M51: 2 | S51: 167 | T51: usa
L52: 2 | M52: 2 | S52: 48 | T52: england | U52: 45719 | V52: 5193 | W52: LogisticRegression | X52: 1.4100329 | Y52: 80 | AD52: 12 | AE52: 18.381117 | AF52: 13.035949 | AG52: -
L53: 1 | M53: 2 | S53: 55 | T53: france | U53: 45719 | V53: 4863 | W53: LogisticRegression | X53: 1.632034 | Y53: 65 | AD53: 9.75 | AE53: 10.268497 | AF53: 6.29184 | AG53: -
L54: 2 | M54: 2 | S54: 59 | T54: germany | U54: 45720 | V54: 3032 | W54: LogisticRegression | X54: 1.0685384 | Y54: 110 | AD54: 16.5 | AE54: 2.9110747 | AF54: 2.7243521 | AG54: -
L55: 2 | M55: 2 | S55: 77 | T55: italy | U55: 45720 | V55: 2114 | W55: LogisticRegression | X55: 1.0982261 | Y55: 40 | AD55: 6 | AE55: 2.3534963 | AF55: 2.142998 | AG55: -
L56: 1 | M56: 1 | S56: 148 | T56: spain | U56: 45720 | V56: 240 | W56: LogisticRegression | X56: 1.0682955 | Y56: 110 | AD56: 16.5 | AE56: 4.2521584 | AF56: 3.9803204 | AG56: -
L57: 2 | M57: 1
L58: 1 | M58: 1
L59: 0 | M59: 1
L60: 2 | M60: 0
L61: 0 | M61: 1
L62: 2 | M62: 0 | U62: #1 | V62: # mio -> mas prio a ex_roi y acerte_draw
L63: 0 | M63: 1 | T63: england | U63: 2434 | V63: 2165 | W63: ?
L64: 0 | M64: 1 | T64: france | U64: 4863 | V64: 4522
L65: 0 | M65: 1 | T65: germany | U65: 4954 | V65: 4486
L66: 0 | M66: 2 | T66: italy | U66: 5132 | V66: 4605
L67: 1 | M67: 2 | T67: spain | U67: 3490 | V67: 5142
L68: 2 | M68: 2
L69: 1 | M69: 2
L70: 2 | M70: 2 | U70: england | V70: 3526 | W70: 3574 | X70: 4764
L71: 1 | M71: 1 | U71: france | V71: 4522
L72: 2 | M72: 2 | U72: germany | V72: 5130 | W72: 4486
L73: 1 | M73: 2 | U73: italy | V73: 2516 | W73: 2114
L74: 2 | M74: 1 | U74: spain | V74: 5142 | W74: 5132
L75: 1 | M75: 0
L76: 1 | M76: 1
L77: 1 | M77: 1
L78: 0 | M78: 0
L79: 1 | M79: 1 | T79: Semana 31
L80: 2 | M80: 2 | T80: roi_con_ea
L81: 1 | M81: 1 | T81: 3836 | V81: england | W81: 100 | X81: 80 | Y81: 100 | Z81: =AVERAGE(W81:Y81) -> 93.333333 | AA81: =Z81*'Data preparation'!$C$2 -> 9.3333333
L82: 2 | M82: 2 | T82: 3960 | V82: france | W82: 80 | X82: 120 | Y82: 120 | Z82: =AVERAGE(W82:Y82) -> 106.66667 | AA82: =Z82*'Data preparation'!$C$2 -> 10.666667
L83: 1 | M83: 1 | T83: 3032 | V83: germany | W83: 80 | X83: 120 | Y83: 120 | Z83: =AVERAGE(W83:Y83) -> 106.66667 | AA83: =Z83*'Data preparation'!$C$2 -> 10.666667
L84: 1 | M84: 1 | T84: 2114 | V84: italy | W84: 120 | X84: 80 | Y84: 80 | Z84: =AVERAGE(W84:Y84) -> 93.333333 | AA84: =Z84*'Data preparation'!$C$2 -> 9.3333333
L85: 2 | M85: 2 | T85: 870 | V85: spain | W85: 130 | X85: 130 | Y85: 70 | Z85: =AVERAGE(W85:Y85) -> 110 | AA85: =Z85*'Data preparation'!$C$2 -> 11
L86: 2 | M86: 2
L87: 1 | M87: 1
L88: 1 | M88: 2
L89: 2 | M89: 2
L90: 1 | M90: 2
L91: 0 | M91: 2
L92: 0 | M92: 0
L93: 1 | M93: 0
L94: 1 | M94: 1
L95: 2 | M95: 2
L96: 1 | M96: 0
L97: 2 | M97: 1
... L175: 2 | M175: 2

Sheet Reseña modelos
A1: ]
C2: Entrenamiento | F2: Produccion
B3: Modelo | C3: Rapidez en seleccion de hiperparametros | D3: Errores en entrenamiento | E3: ROI | F3: Sensibilidad a datos de entrada | G3: Distribucion de probas | H3: Balanceo de clases
B4: Logistic | C4: Alta | D4: Puede no converger pero ahi podes subir el max_iter | E4: Alto | F4: Muy poca | G4: Soft
B5: XGBClassifier | C5: Baja | E5: Alto | F5: Altisima | G5: A veces, deficiente
B6: Red neuronal propia | C6: Alta | D6: Consumo de memoria y corta entrenamiento | E6: Alto | F6: ?
B7: SVC | C7: Media a alta | E7: Bajo | F7: Nula? | H7: Con scoring accuracy, solo predice 2 clases de las 3. Recien con f1_score, empezó a predecir las 3 clases.
B8: MLPClassifier | C8: Muy baja | E8: Medio? | F8: Alta? | G8: Algunas muy chotas?
B9: GradientBoosting | C9: Muy baja
B10: RandomForestClassifier | G10: Soft
B11: DecisionTreeClassifier | G11: Depende de min_samples_leaf

Sheet Metricas semana 33
B1: ENG | P1: FRA | Y1: Tras el sabado | AE1: GER | AT1: ITA | BJ1: SPA | CE1: Corr error en test | CF1: test_acc | CG1: recall | CH1: f1_score | CI1: roi
B2: Max roi en prod | F2: Max roi all countries | G2: Max roi all countries | I2: Max roi all countries | J2: Max error en prod | N2: Independiente | P2: Max roi en prod | S2: Max error en prod | W2: Independiente | Y2: Max roi | Z2: Independiente | AA2: Max roi all countries | AE2: Max roi en prod | AH2: Max error en prod | AL2: Independiente | AO2: Independiente | AP2: Max roi all countries | AT2: Max roi en prod | AW2: Max error en prod | BB2: Independiente | BE2: Independiente | BJ2: Max roi en prod | BN2: Max error en prod | BT2: Independiente | BW2: Independiente | BX2: Max roi all countries | CE2: eng | CF2: -0.72106 | CG2: -0.55562 | CH2: -0.27038 | CI2: -0.63511
B3: 1 gral + 1 part | C3: f1_score + 1 part | D3: 3 + imp | E3: + impor sin mi bias | F3: + impor all countries sin corr | G3: + impor all countries sin corr sin_expected | H3: mis metricas | I3: + impor all countries sin corr sin expected salvo error | J3: Errores + gp mas impor | K3: Errores + gp mas impor | L3: Solo errores | M3: + imp con pesos ≠ | N3: Candidatos por roi | P3: 1 gral + 1 part | Q3: f1_score + 1 part | R3: 3 + imp | S3: Errores + gp mas impor | T3: Errores + gp mas impor | U3: Solo errores | V3: + imp con pesos ≠ | W3: Candidatos por roi | Y3: + impor sin mi bias | Z3: Candidatos por roi | AA3: + impor all countries sin corr | AB3: + impor all countries sin corr sin expected salvo error | AC3: "mis metricas" | AE3: 1 gral + 1 part | AF3: f1_score + 1 part | AG3: 3 + imp | AH3: Errores + gp mas impor | AI3: Errores + gp mas impor | AJ3: Solo errores | AK3: + imp con pesos ≠ | AL3: Candidatos por roi | AN3: + impor sin mi bias | AO3: Candidatos por roi | AP3: + impor all countries sin corr | AQ3: + impor all countries sin corr sin expected salvo error | AR3: "mis metricas" | AT3: 1 gral + 1 part | AU3: f1_score + 1 part | AV3: 3 + imp | AW3: Errores + gp mas impor | AX3: Errores + gp mas impor | AZ3: Solo errores | BA3: + imp con pesos ≠ | BB3: Candidatos por roi | BD3: + impor sin mi bias | BE3: Candidatos por roi | BF3: + impor all countries sin corr sin expected salvo error | BG3: "mis metricas" | BJ3: 1 gral + 1 part | BK3: f1_score + 1 part | BL3: 2 + imp | BM3: 3 + imp | BN3: Errores + gp mas impor | BO3: Errores + gp mas impor | BQ3: Solo errores | BR3: + imp con pesos ≠ | BS3: + imp con pesos ≠ MOD | BT3: Candidatos por roi | BV3: + impor sin mi bias | BW3: Candidatos por roi | BX3: + impor all countries sin corr | BY3: + impor all countries sin corr sin expected salvo error | BZ3: "mis metricas" | CE3: fra | CF3: -0.2884 | CG3: -0.16526 | CH3: 0.022587 | CI3: -0.20427
B4: error + gp_draw | C4: f1_score + gp_draw | D4: error + expected_roi + gp_draw | E4: expected_error': 0.66, 'error': 0.33 | F4: 0.47 expected_f1_score_away 0.29 f1_score_draw 0.24 expected_f1_score_home | G4: 0.51 f1_score_draw 0.37 accuracy_home 0.11 f1_score_away | H4: error + gp_away | I4: 0.4 f1_score_draw 0.3 expected_error 0.3 f1_score_away | J4: Expected_error + Error + gp_res | K4: Expected_error + Error + gp_res (≠ pesos) | L4: 0.7 Expected_error + 0.3 Error | M4: expected_error': 0.5, 'error': 0.25, 'gp_draw': 0.25 | N4: 0.4 Expected_error 0.4 error 0.2 gp_draw 0.2 gp_away | P4: error + gp_home | Q4: f1_score + gp_home | R4: gp_home accuracy_away error | S4: Expected_error + Error + gp_res | T4: Expected_error + Error + gp_res (≠ pesos) | U4: 0.7 Expected_error + 0.3 Error | V4: gp_home': 0.4, 'f1_score_draw': 0.4, 'error': 0.2 | W4: 0.4 Expected_error 0.4 error 0.2 gp_draw 0.2 gp_away | Y4: gp_home': 0.5, 'accuracy_away': 0.3, 'error': 0.2 | Z4: 0.4 Expected_error 0.4 error 0.2 gp_draw 0.2 gp_away | AA4: 0.47 expected_f1_score_away 0.29 f1_score_draw 0.24 expected_f1_score_home | AB4: 0.4 f1_score_draw 0.3 expected_error 0.3 f1_score_away | AC4: error + gp_away | AE4: f1_score + f1_score_draw | AF4: f1_score + f1_score_draw | AG4: f1_score_draw f1_score expected_f1_score_away | AH4: Expected_error + Error + gp_res | AI4: Expected_error + Error + gp_res (≠ pesos) | AJ4: 0 Expected_error + 1 Error | AK4: gp_away': 0.66, 'error': 0.33 | AL4: 0.4 Expected_error 0.4 error 0.2 gp_draw 0.2 gp_away | AN4: f1_score_draw': 0.45, 'expected_f1_score_draw': 0.35, 'expected_f1_score_home': 0.2 | AO4: 0.4 Expected_error 0.4 error 0.2 gp_draw 0.2 gp_away | AP4: 0.47 expected_f1_score_away 0.29 f1_score_draw 0.24 expected_f1_score_home | AQ4: 0.4 f1_score_draw 0.3 expected_error 0.3 f1_score_away | AR4: error + gp_away | AT4: roi + gp_home | AU4: f1_score + gp_home | AV4: f1_score_home roi expected_accuracy_away | AW4: Expected_error + Error + gp_res | AX4: Expected_error + Error + gp_res (≠ pesos) | AY4: Expected_error + Error + gp_away | AZ4: 0.3 Expected_error + 0.7 Error | BA4: gp_home': 0.5, 'error': 0.5 | BB4: 0.4 Expected_error 0.4 error 0.2 gp_draw 0.2 gp_away | BD4: gp_home': 0.5, 'recall': 0.3, 'roi': 0.2 | BE4: 0.4 Expected_error 0.4 error 0.2 gp_draw 0.2 gp_away | BF4: 0.4 f1_score_draw 0.3 expected_error 0.3 f1_score_away | BG4: error + gp_away | BJ4: error + acc_draw | BK4: f1_score + acc_draw | BL4: acc_draw + ex_acc_away | BM4: acc_draw + ex_acc_away + error | BN4: Expected_error + Error + gp_res | BO4: Expected_error + Error + gp_res (≠ pesos) | BP4: Expected_error + Error + gp_draw | BQ4: 1 Expected_error + 0 Error | BR4: expected_error': 0.7, 'expected_accuracy_away': 0.3 | BS4: expected_error': 0.7, 'accuracy_draw: 0.3 | BT4: 0.4 Expected_error 0.4 error 0.2 gp_draw 0.2 gp_away | BV4: accuracy_draw': 0.4, 'expected_accuracy_away': 0.4, 'expected_accuracy_draw': 0.2 | BW4: 0.4 Expected_error 0.4 error 0.2 gp_draw 0.2 gp_away | BX4: 0.47 expected_f1_score_away 0.29 f1_score_draw 0.24 expected_f1_score_home | BY4: 0.4 f1_score_draw 0.3 expected_error 0.3 f1_score_away | BZ4: error + gp_away | CE4: ger | CF4: -0.45602856 | CG4: -0.28873597 | CH4: -0.16092308 | CI4: -0.22411403
A5: Mean | B5: =AVERAGE(B7:B26) -> 3.398 | C5: =AVERAGE(C7:C26) -> 1.9915 | D5: =AVERAGE(D7:D26) -> 2.7805 | E5: =AVERAGE(E7:E26) -> 4.428 | F5: =AVERAGE(F7:F26) -> 3.961 | G5: =AVERAGE(G7:G26) -> 3.2711111 | H5: =AVERAGE(H7:H26) -> 4.0455 | I5: =AVERAGE(I7:I26) -> 3.589 | ... N5: =AVERAGE(N7:N26) -> 2.212 | P5: =AVERAGE(P7:P26) -> -8.158 | Q5: =AVERAGE(Q7:Q26) -> -10.9185 | R5: =AVERAGE(R7:R26) -> -8.707 | S5: =AVERAGE(S7:S26) -> -8.829 | T5: =AVERAGE(T7:T26) -> -9.1645 | U5: =AVERAGE(U7:U26) -> -8.655 | V5: =AVERAGE(V7:V26) -> -8.7705 | W5: =AVERAGE(W7:W26) -> -6.315 | Y5: =AVERAGE(Y7:Y26) -> -15.732 | Z5: =AVERAGE(Z7:Z26) -> -10.197 | AA5: =AVERAGE(AA7:AA26) -> -14.672 | AB5: =AVERAGE(AB7:AB26) -> -12.72 | AC5: =AVERAGE(AC7:AC26) -> -10.339 | AE5: =AVERAGE(AE7:AE26) -> 4.8415 | AF5: =AVERAGE(AF7:AF26) -> 4.8415 | AG5: =AVERAGE(AG7:AG26) -> 9.382 | AH5: =AVERAGE(AH7:AH26) -> 13.462 | AI5: =AVERAGE(AI7:AI26) -> 9.2985 | AJ5: =AVERAGE(AJ7:AJ26) -> 12.4525 | AK5: =AVERAGE(AK7:AK26) -> 13.307 | AL5: =AVERAGE(AL7:AL26) -> 11.1705 | AN5: =AVERAGE(AN7:AN26) -> -9.6785 | AO5: =AVERAGE(AO7:AO26) -> -2.638 | AP5: =AVERAGE(AP7:AP26) -> -4.056 | AQ5: =AVERAGE(AQ7:AQ26) -> -4.157 | AR5: =AVERAGE(AR7:AR26) -> 4.276 | AT5: =AVERAGE(AT7:AT26) -> 5.3195 | AU5: =AVERAGE(AU7:AU26) -> 4.796 | AV5: =AVERAGE(AV7:AV26) -> 6.309 | AW5: =AVERAGE(AW7:AW26) -> 7.104 | AX5: =AVERAGE(AX7:AX26) -> 7.126 | AY5: =AVERAGE(AY7:AY26) -> 4.5005 | AZ5: =AVERAGE(AZ7:AZ26) -> 6.8285 | BA5: =AVERAGE(BA7:BA26) -> 6.0595 | BB5: =AVERAGE(BB7:BB26) -> 4.9205 | BD5: =AVERAGE(BD7:BD26) -> 12.331 | BE5: =AVERAGE(BE7:BE26) -> 11.9455 | BF5: =AVERAGE(BF7:BF26) -> 11.9335 | BG5: =AVERAGE(BG7:BG26) -> 9.6705 | BH5: =AVERAGE(BH7:BH26) -> 11.4995 | BJ5: =AVERAGE(BJ7:BJ26) -> 11.582 | BK5: =AVERAGE(BK7:BK26) -> 13.931 | BL5: =AVERAGE(BL7:BL26) -> 19.261 | BM5: =AVERAGE(BM7:BM26) -> 17.1135 | BN5: =AVERAGE(BN7:BN26) -> 12.7565 | BO5: =AVERAGE(BO7:BO26) -> 11.1805 | BP5: =AVERAGE(BP7:BP26) -> 6.218 | BQ5: =AVERAGE(BQ7:BQ26) -> 10.122 | ... BT5: =AVERAGE(BT7:BT26) -> 15.445 | BV5: =AVERAGE(BV7:BV26) -> 17.4875 | BW5: =AVERAGE(BW7:BW26) -> 8.906 | BY5: =AVERAGE(BY7:BY26) -> 8.0635 | BZ5: =AVERAGE(BZ7:BZ26) -> 8.121 | CA5: =AVERAGE(CA7:CA26) -> 5.7788235 | CE5: ita | CF5: -0.57020319 | CG5: -0.51799341 | CH5: -0.25717265 | CI5: -0.49683768
A6: Var | B6: =STDEV(B7:B26) -> 8.3485704 | C6: =STDEV(C7:C26) -> 3.293637 | D6: =STDEV(D7:D26) -> 3.2869398 | E6: =STDEV(E7:E26) -> 8.6757864 | F6: =STDEV(F7:F26) -> 7.6969925 | G6: =STDEV(G7:G26) -> 5.9076938 | H6: =STDEV(H7:H26) -> 8.330772 | I6: =STDEV(I7:I26) -> 7.752736 | ... N6: =STDEV(N7:N26) -> 3.2495467 | P6: =STDEV(P7:P26) -> 5.4502019 | Q6: =STDEV(Q7:Q26) -> 4.4466194 | R6: =STDEV(R7:R26) -> 4.0873284 | S6: =STDEV(S7:S26) -> 4.5517075 | T6: =STDEV(T7:T26) -> 2.9275344 | U6: =STDEV(U7:U26) -> 4.3602867 | V6: =STDEV(V7:V26) -> 6.6298873 | W6: =STDEV(W7:W26) -> 5.4861294 | Y6: =STDEV(Y7:Y26) -> 4.2827679 | Z6: =STDEV(Z7:Z26) -> 8.4494404 | AA6: =STDEV(AA7:AA26) -> 5.9230207 | AB6: =STDEV(AB7:AB26) -> 5.8173099 | AC6: =STDEV(AC7:AC26) -> 9.303112 | AE6: =STDEV(AE7:AE26) -> 14.009586 | AF6: =STDEV(AF7:AF26) -> 14.009586 | AG6: =STDEV(AG7:AG26) -> 11.104749 | AH6: =STDEV(AH7:AH26) -> 12.338576 | AI6: =STDEV(AI7:AI26) -> 12.379091 | AJ6: =STDEV(AJ7:AJ26) -> 12.899004 | AK6: =STDEV(AK7:AK26) -> 18.459721 | AL6: =STDEV(AL7:AL26) -> 14.246473 | AN6: =STDEV(AN7:AN26) -> 8.9186182 | AO6: =STDEV(AO7:AO26) -> 10.845859 | AP6: =STDEV(AP7:AP26) -> 11.248087 | AQ6: =STDEV(AQ7:AQ26) -> 11.230538 | AR6: =STDEV(AR7:AR26) -> 11.45874 | AT6: =STDEV(AT7:AT26) -> 7.0680225 | AU6: =STDEV(AU7:AU26) -> 7.2171436 | AV6: =STDEV(AV7:AV26) -> 5.9554989 | AW6: =STDEV(AW7:AW26) -> 5.1624366 | AX6: =STDEV(AX7:AX26) -> 2.9292345 | AY6: =STDEV(AY7:AY26) -> 5.8458699 | AZ6: =STDEV(AZ7:AZ26) -> 3.9572362 | BA6: =STDEV(BA7:BA26) -> 6.7489465 | BB6: =STDEV(BB7:BB26) -> 7.3104744 | BD6: =STDEV(BD7:BD26) -> 7.4733575 | BE6: =STDEV(BE7:BE26) -> 7.6501899 | BF6: =STDEV(BF7:BF26) -> 8.2693259 | BG6: =STDEV(BG7:BG26) -> 8.1559152 | BH6: =STDEV(BH7:BH26) -> 7.7396834 | BJ6: =STDEV(BJ7:BJ26) -> 10.415495 | BK6: =STDEV(BK7:BK26) -> 12.968209 | BL6: =STDEV(BL7:BL26) -> 14.25319 | BM6: =STDEV(BM7:BM26) -> 16.035016 | BN6: =STDEV(BN7:BN26) -> 13.62926 | BO6: =STDEV(BO7:BO26) -> 10.348962 | BP6: =STDEV(BP7:BP26) -> 8.4057753 | BQ6: =STDEV(BQ7:BQ26) -> 11.207969 | ... BT6: =STDEV(BT7:BT26) -> 14.973117 | BV6: =STDEV(BV7:BV26) -> 14.133011 | BW6: =STDEV(BW7:BW26) -> 16.164112 | BY6: =STDEV(BY7:BY26) -> 17.925349 | BZ6: =STDEV(BZ7:BZ26) -> 15.866516 | CA6: =STDEV(CA7:CA26) -> 16.655175 | CE6: spa | CF6: -0.22139498 | CG6: -0.24963855 | CH6: -0.12799741 | CI6: -0.20803615
B7: 4.43 | C7: 1.1 | D7: 5.52 | E7: 33.5 | F7: -3.72 | G7: 1.1 | H7: 4.12 | I7: 1.1 | J7: 4.43 | K7: 33.5 | L7: 33.5 | M7: 33.5 | N7: 4.43 | P7: -6.53 | Q7: -15.02 | R7: -6.53 | S7: -15.09 | T7: -9.17 | U7: -9.17 | V7: -7.67 | W7: -6.38 | Y7: -19.22 | Z7: -13.08 | AA7: -23.67 | AB7: -19.11 | AC7: -19.16 | AE7: 13.2 | AF7: 13.2 | AG7: 13.2 | AH7: 22.68 | AI7: 22.39 | AJ7: 11.73 | AK7: -4.36 | AL7: -4.36 | AN7: -6.72 | AO7: -3.06 | AP7: -12.89 | AQ7: -6.72 | AR7: 12.39 | AT7: 5.89 | AU7: 16.19 | AV7: 5.89 | AW7: 5.75 | AX7: 5.75 | AY7: 16.24 | AZ7: 5.75 | BA7: 5.89 | BB7: 7.53 | BD7: 12.07 | BE7: 14.51 | BF7: 16.44 | BG7: 14.51 | BH7: 14.08 | BJ7: 9.62 | BK7: 39.03 | BL7: 9.17 | BM7: -2.79 | BN7: 13.3 | BO7: 14.98 | BP7: 9.62 | BQ7: 7.38 | BR7: 0.02 | BS7: 7.38 | BT7: 1.03 | BV7: 3.78 | BW7: -5.33 | BY7: 2.69 | BZ7: 1.33 | CA7: 1.33 | CE7: Mean | CF7: =AVERAGE(CF2:CF6) -> -0.45141735 | CG7: =AVERAGE(CG2:CG6) -> -0.35544959 | CH7: =AVERAGE(CH2:CH6) -> -0.15877723 | CI7: =AVERAGE(CI2:CI6) -> -0.35367357
B8: 5.52 | C8: 3.7 | D8: 4.43 | E8: 6.4 | F8: 1.1 | G8: -1.13 | H8: 4.43 | I8: 4.43 | J8: 33.5 | K8: 4.43 | L8: 6.4 | M8: 4.43 | N8: -2.98 | P8: 3.72 | Q8: -7.67 | R8: -6.84 | S8: 0.71 | T8: -16.36 | U8: -0.65 | V8: -15.02 | W8: -15.49 | Y8: -11.93 | Z8: -18.75 | AA8: -18.06 | AB8: -14.47 | AC8: 2.69 | AE8: 2.38 | AF8: 2.38 | AG8: 2.68 | AH8: -4.36 | AI8: 37.15 | AJ8: 5.9 | AK8: 21.97 | AL8: 13.2 | AN8: -9.78 | AO8: -6.72 | AP8: -6.72 | AQ8: 1.62 | AR8: 12.11 | AT8: 16.19 | AU8: 8.74 | AV8: 8.74 | AW8: 5.89 | AX8: 3.56 | AY8: 7.53 | AZ8: 16.24 | BA8: 5.75 | BB8: 5.89 | BD8: 24.97 | BE8: 12.07 | BF8: 15.4 | BG8: 23.85 | BH8: 16.44 | BJ8: -8.78 | BK8: 21.48 | BL8: 23.14 | BM8: 9.62 | BN8: 14.98 | BO8: 13.3 | BP8: 7.38 | BQ8: 14.98 | BR8: -2.13 | BS8: 9.62 | BT8: 8.01 | BV8: 55.86 | BW8: 1.33 | BY8: -0.85 | BZ8: 2.69 | CA8: 15.84
B9: 4.4 | C9: 2.88 | D9: 4.12 | E9: 4.43 | F9: 4.43 | G9: 3.7 | H9: -2.59 | I9: -2.98 | J9: 5.52 | K9: -2.98 | L9: 4.43 | M9: 5.52 | N9: 5.52 | P9: -15.33 | Q9: -17.74 | R9: -8.92 | S9: -9.09 | T9: -8.91 | U9: -9.01 | V9: -7.38 | W9: -6.91 | Y9: -11.4 | Z9: -19.16 | AA9: -3.79 | AB9: -13.66 | AC9: -13.08 | AE9: 23.91 | AF9: 23.91 | AG9: 23.91 | AH9: 22.39 | AI9: 11.31 | AJ9: 15.16 | AK9: 2.38 | AL9: 4.57 | AN9: -20.18 | AO9: -16.12 | AP9: -10.61 | AQ9: -3.06 | AR9: -3.06 | AT9: 8.15 | AU9: 5.89 | AV9: 6.85 | AW9: 8.87 | AX9: 4.24 | AY9: 4.24 | AZ9: 9.83 | BA9: 8.42 | BB9: 8.15 | BD9: 16.44 | BE9: 14.08 | BF9: 14.08 | BG9: 12.07 | BH9: 15.4 | BJ9: -2.79 | BK9: 24.77 | BL9: 44.25 | BM9: 44.25 | BN9: 7.38 | BO9: 7.38 | BP9: -0.2 | BQ9: 10.47 | BR9: 13.3 | BS9: 21.73 | BT9: 8.9 | BV9: 5.17 | BW9: 2.69 | BY9: -4.16 | BZ9: 0 | CA9: -6.62
B10: -2.98 | C10: 4.43 | D10: 4.4 | E10: 5.2 | F10: 5.52 | G10: 5.38 | H10: 3.97 | I10: -3.72 | J10: -2.98 | K10: 5.52 | L10: 5.2 | M10: -2.98 | N10: 4.4 | P10: -4.7 | Q10: -9.45 | R10: -6.38 | S10: -8.84 | T10: -0.65 | U10: -9.45 | V10: -10.22 | W10: -8.31 | Y10: -12.32 | Z10: -12.75 | AA10: -12.75 | AB10: -12.75 | AC10: -19.2 | AE10: -4.36 | AF10: -4.36 | AG10: 4.57 | AH10: 37.15 | AI10: 22.68 | AJ10: 15.61 | AK10: 25.94 | AL10: 23.91 | AN10: -8.93 | AO10: 1.62 | AP10: -21.97 | AQ10: -14.73 | AR10: -8.59 | AT10: 8.74 | AU10: 6.85 | AV10: 8.15 | AW10: 8.42 | AX10: 16.24 | AY10: 8.88 | AZ10: 5.89 | BA10: 8.87 | BB10: 8.74 | BD10: 15.71 | BE10: 16.44 | BF10: 10.88 | BG10: 0.83 | BH10: 12.07 | BJ10: 17.91 | BK10: 9.62 | BL10: 20.17 | BM10: 7.38 | BN10: 5.35 | BO10: 13.27 | BP10: -2.79 | BQ10: 13.27 | BR10: 26.47 | BS10: 5.35 | BT10: -1.41 | BV10: 16.26 | BW10: -8.01 | BY10: 1.33 | BZ10: 6.23 | CA10: -5.33
B11: 4.24 | C11: 4.4 | D11: 5.82 | E11: 5.57 | F11: 4.4 | G11: -3.73 | H11: 5.2 | I11: 4.56 | J11: 4.4 | K11: -3.72 | L11: 5.57 | M11: -3.72 | N11: -2.59 | P11: -6.84 | Q11: -7.38 | R11: -6.21 | S11: 0.67 | T11: -9.01 | U11: -8.62 | V11: -8.08 | W11: -8.92 | Y11: -13.1 | Z11: -12.32 | AA11: -12.23 | AB11: -3.79 | AC11: -8.12 | AE11: 2.68 | AF11: 2.68 | AG11: 12.33 | AH11: 20.87 | AI11: -6.48 | AJ11: -10.82 | AK11: -12.65 | AL11: 2.38 | AN11: -31.35 | AO11: -9.78 | AP11: -7.75 | AQ11: -9.11 | AR11: 1.62 | AT11: 8.81 | AU11: 8.87 | AV11: 8.87 | AW11: 16.24 | AX11: 7.81 | AY11: 5.89 | AZ11: 7.53 | BA11: 8.81 | BB11: 8.07 | BD11: 14.08 | BE11: 15.4 | BF11: 15.42 | BG11: 14.09 | BH11: 2.77 | BJ11: 7.38 | BK11: 21.53 | BL11: -2.79 | BM11: 41.2 | BN11: -2.13 | BO11: 5.35 | BP11: 5.35 | BQ11: 5.35 | BR11: -10.7 | BS11: 10.47 | BT11: -7.59 | BV11: 14.56 | BW11: -13.38 | BY11: -5.33 | BZ11: -13.38 | CA11: 51.66
B12: 4.12 | C12: -2.98 | D12: 0 | E12: 4.39 | F12: 4.56 | G12: 2.88 | H12: 3.79 | I12: -2.46 | J12: 4.12 | K12: 6.4 | L12: 4.39 | M12: 4.4 | N12: -2.81 | P12: -17.2 | Q12: -8.13 | R12: -7.38 | S12: -8.31 | T12: -15.09 | U12: -9.4 | V12: -15.49 | W12: -4.81 | Y12: -20.58 | Z12: -8.12 | AA12: -11.59 | AB12: -12.23 | AC12: -11.93 | AE12: -15.47 | AF12: -15.47 | AG12: 14.15 | AH12: 24.27 | AI12: 4.93 | AJ12: 25.94 | AK12: 4.57 | AL12: 34.69 | AN12: 11.21 | AO12: 11.21 | AP12: -10.24 | AQ12: -10.28 | AR12: 18.14 | AT12: 8.87 | AU12: 8.15 | AV12: 8.07 | AW12: 7.6 | AX12: 8.88 | AY12: -4.26 | AZ12: 8.88 | BA12: 7.6 | BB12: 8.28 | BD12: 15.12 | BE12: 16.59 | BF12: 24.97 | BG12: 11.43 | BH12: 14.63 | BJ12: 9.81 | BK12: 17.03 | BL12: 21.92 | BM12: 5.35 | BN12: 13.27 | BO12: -2.13 | BP12: 1.32 | BQ12: 13.3 | BR12: -1.41 | BS12: 7.15 | BT12: 23.9 | BV12: 15.88 | BW12: 15.84 | BY12: 3.1 | BZ12: -5.33 | CA12: 15.05
B13: 33.5 | C13: -1.13 | D13: -3.72 | E13: 4.77 | F13: 5.38 | G13: 15.14 | H13: 4.28 | I13: 3.7 | J13: -3.72 | K13: 5.57 | L13: 4.77 | M13: 4.12 | N13: 3.33 | P13: -5.95 | Q13: -6.84 | R13: -6.91 | S13: -8.99 | T13: -8.84 | U13: -15.09 | V13: -16.17 | W13: -3.58 | Y13: -13.08 | Z13: 4.06 | AA13: -9.25 | AB13: -12.23 | AC13: 2.38 | AE13: 34.69 | AF13: 34.69 | AG13: 8.02 | AH13: 23.58 | AI13: -3.11 | AJ13: -0.09 | AK13: -12.13 | AL13: -0.09 | AN13: -12.83 | AO13: -10.28 | AP13: -17.59 | AQ13: 11.21 | AR13: 11.84 | AT13: -11.7 | AU13: -11.45 | AV13: 16.19 | AW13: 3.56 | AX13: 8.87 | AY13: 8.41 | AZ13: -4.26 | BA13: -11.45 | BB13: 8.81 | BD13: 15.8 | BE13: 15.71 | BF13: 16.59 | BG13: 16.21 | BH13: 3.34 | BJ13: 9.48 | BK13: 6.73 | BL13: 17.28 | BM13: -2.13 | BN13: 15.7 | BO13: 10.47 | BP13: 1.66 | BQ13: 26.47 | BR13: 7.38 | BS13: 5.76 | BT13: 10.16 | BV13: 51.66 | BW13: 3.1 | BY13: 3.21 | BZ13: -9.08 | CA13: -5.87
B14: 7.8 | C14: 4.56 | D14: -2.59 | E14: -2.98 | F14: 2.97 | G14: -0.59 | H14: -10.24 | I14: 33.5 | J14: 5.57 | K14: 5.02 | L14: -2.98 | M14: 5.57 | N14: -3.72 | P14: -4.81 | Q14: -6.53 | R14: -6.11 | S14: -15.49 | T14: -8.18 | U14: -8.91 | V14: -4.7 | W14: -15.02 | Y14: -11.44 | Z14: -19.11 | AA14: -4.66 | AB14: -12.48 | AC14: -9.73 | AE14: -11.63 | AF14: -11.63 | AG14: 1.27 | AH14: 4.57 | AI14: 24.27 | AJ14: 34.69 | AK14: 22.68 | AL14: 25.94 | AN14: -6.53 | AO14: 13.71 | AP14: -10.79 | AQ14: -17.59 | AR14: 0.85 | AT14: -11.45 | AU14: -11.7 | AV14: 8.52 | AW14: 8.88 | AX14: 8.27 | AY14: 9.04 | AZ14: 8.58 | BA14: 16.24 | BB14: 8.87 | BD14: 16.59 | BE14: 15.12 | BF14: 1.61 | BG14: 16.1 | BH14: -9.35 | BJ14: -0.2 | BK14: -8.78 | BL14: 41.83 | BM14: 9.17 | BN14: 31.48 | BO14: 9.62 | BP14: 23.32 | BQ14: 0.02 | BR14: 6.21 | BS14: -0.93 | BT14: 46.12 | BV14: 18.08 | BW14: 34.72 | BY14: -3 | BZ14: 5.17 | CA14: 3.1
B15: 1.1 | C15: 5.52 | D15: 4.63 | E15: 5.02 | F15: 3.7 | G15: -3.72 | H15: -2.89 | I15: 5.52 | J15: 5.51 | K15: 4.77 | L15: 5.02 | M15: 5.02 | N15: 4.87 | P15: -6.38 | Q15: -4.7 | R15: -15.14 | S15: -8.91 | T15: -9.45 | U15: -8.18 | V15: -17.74 | W15: -6.84 | Y15: -7.45 | Z15: -11.93 | AA15: -12.64 | AB15: -18.75 | AC15: -19.22 | AE15: 14.85 | AF15: 14.85 | AG15: -4.36 | AH15: 25.94 | AI15: -5.57 | AJ15: 15.27 | AK15: 41.1 | AL15: 2.68 | AN15: -14.73 | AO15: -9.11 | AP15: -8.93 | AQ15: 25.19 | AR15: 11.5 | AT15: 8.07 | AU15: 8.07 | AV15: 7.19 | AW15: 4.24 | AX15: 7.6 | AY15: 5.87 | AZ15: 4.24 | BA15: 9.83 | BB15: 7.83 | BD15: 15.24 | BE15: 15.05 | BF15: 15.28 | BG15: 16.37 | BH15: 15.71 | BJ15: 21.53 | BK15: 31.96 | BL15: 5.22 | BM15: 22.99 | BN15: 9.62 | BO15: 12.5 | BP15: -2.13 | BQ15: -2.13 | BR15: 12.5 | BS15: 38.1 | BT15: 40.64 | BV15: 2.69 | BW15: 51.66 | BY15: 5.17 | BZ15: 4.33 | CA15: 34.72
B16: 5.51 | C16: -3.72 | D16: 5.38 | E16: 5.4 | F16: 4.78 | G16: 16.18 | H16: 4.3 | I16: 4.4 | J16: 4.81 | K16: 4.12 | L16: 5.4 | M16: 4.77 | N16: 5.38 | P16: -6.21 | Q16: -6.21 | R16: -7.14 | S16: -8.33 | T16: -8.99 | U16: -16.36 | V16: 8.73 | W16: -8.67 | Y16: -19.11 | Z16: -13.66 | AA16: -13.29 | AB16: -13 | AC16: 3.52 | AE16: 23.6 | AF16: 23.6 | AG16: 23.69 | AH16: 4.93 | AI16: -5.66 | AJ16: 20.87 | AK16: -3.61 | AL16: 41.1 | AN16: -9.11 | AO16: 15.59 | AP16: 13.56 | AQ16: -16.3 | AR16: 13.71 | AT16: 8.28 | AU16: 8.42 | AV16: 7.83 | AW16: 9.83 | AX16: 4.39 | AY16: 7.83 | AZ16: 8.87 | BA16: 5.42 | BB16: 8.33 | BD16: 15.4 | BE16: 15.42 | BF16: 16.04 | BG16: 11.99 | BH16: 24.97 | BJ16: 9.25 | BK16: 22.74 | BL16: 22.99 | BM16: -8.78 | BN16: 41.2 | BO16: 26.47 | BP16: 8.1 | BQ16: 12.5 | BR16: 5.35 | BS16: 24.61 | BT16: -0.01 | BV16: 11.9 | BW16: -7.05 | BY16: 15.84 | BZ16: 6.33 | CA16: -0.85
B17: -2.59 | C17: -3.73 | D17: -2.98 | E17: -0.95 | F17: 5.49 | G17: 10.04 | H17: 7.8 | I17: 2.97 | J17: 4.77 | K17: 4.39 | L17: 5.52 | M17: 4.81 | N17: 2.22 | P17: -4.01 | Q17: -10.22 | R17: -15.49 | S17: -8.62 | T17: -8.62 | U17: -8.63 | V17: 3.72 | W17: -2.68 | Y17: -13.45 | Z17: 5.02 | AA17: -20.14 | AB17: -11.7 | AC17: -12.32 | AE17: 4.57 | AF17: 4.57 | AG17: 1.64 | AH17: 2.15 | AI17: 6.2 | AJ17: 4.57 | AK17: 20.87 | AL17: -15.47 | AN17: 0.63 | AO17: -14.73 | AP17: -1.36 | AQ17: -7.29 | AR17: 31.91 | AT17: 8.42 | AU17: 8.81 | AV17: 9.46 | AW17: 7.81 | AX17: 4.26 | AY17: 4.26 | AZ17: 6.66 | BA17: -4.47 | BB17: -4.34 | BD17: 15.05 | BE17: 1.61 | BF17: 14.51 | BG17: 1.26 | BH17: 15.28 | BJ17: 9.17 | BK17: 20.39 | BL17: 12.29 | BM17: 9.23 | BN17: 10.47 | BO17: 5.76 | BP17: -8.78 | BQ17: -10.7 | BR17: 14.98 | BS17: 8.97 | BT17: 9.63 | BV17: 25.24 | BW17: 1.72 | BY17: 51.66 | BZ17: 14.48 | CA17: 14.18
B18: 4.56 | C18: 3.51 | D18: 0.47 | E18: 5.52 | F18: -2.98 | G18: -0.06 | H18: 33.5 | I18: 4.35 | J18: 3.33 | K18: 5.4 | L18: -0.95 | M18: 6.4 | N18: 4.28 | P18: -6.91 | Q18: -15.68 | R18: -15.02 | S18: -8.74 | T18: -8.62 | U18: -9.01 | V18: -6.53 | W18: -4.7 | Y18: -18.75 | Z18: -7.45 | AA18: -19.11 | AB18: -3.44 | AC18: 1.65 | AE18: 12.33 | AF18: 12.33 | AG18: 1.18 | AH18: 11.73 | AI18: 9.54 | AJ18: 22.45 | AK18: 11.73 | AL18: -12.13 | AN18: -17.59 | AO18: -10.85 | AP18: -9.11 | AQ18: -8.49 | AR18: -4.35 | AT18: 6.85 | AU18: 8.28 | AV18: -4.34 | AW18: -4.47 | AX18: 8.87 | AY18: 3.56 | AZ18: 7.46 | BA18: 8.28 | BB18: 3.91 | BD18: 14.18 | BE18: 10.88 | BF18: 15.12 | BG18: 15.05 | BH18: 16.59 | BJ18: 21.73 | BK18: 20.12 | BL18: 7.38 | BM18: 23.32 | BN18: 13.02 | BO18: -1.88 | BP18: 21.73 | BQ18: 21.73 | BR18: 10.47 | BS18: 22.55 | BT18: 0.2 | BV18: 4.82 | BW18: -6.62 | BY18: 17.47 | BZ18: 15.94 | CA18: -13.38
B19: 3.33 | C19: 4.24 | D19: 4.48 | E19: 16.07 | F19: 5.55 | G19: 4.43 | H19: 5.52 | I19: 2.88 | J19: 5.02 | K19: 4.4 | L19: 16.07 | M19: 5.4 | N19: -2.89 | P19: -6.11 | Q19: -15.49 | R19: -5.95 | S19: -5.26 | T19: -8.38 | U19: -9.3 | V19: -8.13 | W19: -6.53 | Y19: -19.2 | Z19: -19.22 | AA19: -8.99 | AB19: -20.56 | AC19: 0.02 | AE19: 13.7 | AF19: 13.7 | AG19: 4.84 | AH19: 8.62 | AI19: 3.54 | AJ19: 10.02 | AK19: 23.58 | AL19: 15.61 | AN19: -8.49 | AO19: 4.42 | AP19: 9.29 | AQ19: -16.12 | AR19: -16.12 | AT19: 7.83 | AU19: -4.34 | AV19: -11.7 | AW19: 17.37 | AX19: 8.84 | AY19: 7.81 | AZ19: 7.6 | BA19: 7.53 | BB19: -5.86 | BD19: -4.53 | BE19: 0.35 | BF19: 16.42 | BG19: 2.21 | BH19: 14.51 | BJ19: 12.1 | BK19: -10.88 | BL19: -1.24 | BM19: 15.7 | BN19: 5.76 | BO19: 24.61 | BP19: 6.73 | BQ19: 9.62 | BR19: 13.27 | BS19: -1.24 | BT19: 26.41 | BV19: 6.75 | BW19: 18.3 | BY19: 3.16 | BZ19: 2.45 | CA19: 6.14
... B23: 4.87 | C23: 5.38 | D23: 5.45 | E23: -1.63 | F23: 4.26 | G23: -2.98 | H23: 2.22 | I23: -1.86 | J23: 4.39 | K23: -1.79 | L23: -1.79 | M23: -1.5 | N23: 4.44 | P23: -13.82 | Q23: -8.08 | R23: -4.01 | S23: -16.36 | T23: -8.92 | U23: -15.74 | V23: -14.87 | W23: 1.46 | Y23: -18.86 | Z23: -2.22 | AA23: -17.31 | AB23: -12.37 | AC23: -18.66 | AE23: 1.27 | AF23: 1.27 | AG23: 1.47 | AH23: 13.2 | AI23: 5.18 | AJ23: -14.44 | AK23: 42.87 | AL23: 12.33 | AN23: 2.48 | AO23: -10.24 | AP23: 21.66 | AQ23: 12.11 | AR23: -7.29 | AT23: 8.52 | AU23: 7.83 | AV23: 8.42 | AW23: 7.46 | AX23: 3.28 | AY23: 8.67 | AZ23: 8.42 | BA23: 17.37 | BB23: 8.52 | BD23: 13.92 | BE23: 15.28 | BF23: 14.79 | BG23: 16.35 | BH23: 2.63 | BJ23: 4.82 | BK23: 7.38 | BL23: 31.06 | BM23: 21.73 | BN23: 41.64 | BO23: -0.93 | BP23: 6.21 | BQ23: 38.1 | BR23: 5.22 | BS23: 12.1 | BT23: 33.24 | BV23: 17.48 | BW23: 23.61 | BY23: -8.05 | BZ23: -8.01 | CA23: 2.69
B24: 4.09 | C24: 4.36 | D24: -1.35 | E24: 4.81 | F24: 6.08 | G24: 6.84 | H24: 4.79 | I24: -1.13 | J24: 3.64 | K24: 16.07 | L24: -3.72 | M24: 4.67 | N24: 3.7 | P24: -16.12 | Q24: -6.38 | R24: -16.12 | S24: -4.67 | T24: -9.25 | U24: -8.43 | V24: -9.45 | W24: -14.65 | Y24: -19.16 | Z24: -18.41 | AA24: -20.56 | AB24: -4.66 | AC24: -17.55 | AE24: -12.13 | AF24: -12.13 | AG24: 13.7 | AH24: -10.82 | AI24: 2.15 | AJ24: 22.22 | AK24: -2.06 | AL24: 21.97 | AN24: -13.62 | AO24: 22.46 | AP24: -6.53 | AQ24: 0.01 | AR24: -2.78 | AT24: 6.14 | AU24: 6.14 | AV24: -2.62 | AW24: 4.26 | AX24: 7.46 | AY24: 5.75 | AZ24: 2.43 | BA24: 7.83 | BB24: 6.89 | BD24: 1.61 | BE24: 14.06 | BF24: 3.65 | BG24: 13.58 | BH24: 15.05 | BJ24: 15.7 | BK24: 17.59 | BL24: 39.03 | BM24: 12.1 | BN24: 18.11 | BO24: 4.82 | BP24: 13.3 | BQ24: 8.34 | BR24: -1.24 | BS24: 21.32 | BT24: 0.48 | BV24: 11.36 | BW24: -5.87 | BY24: 7.87 | BZ24: 3.21
B25: -3.72 | C25: 4.31 | D25: 4.24 | E25: -10.24 | F25: 0 | H25: -2.81 | I25: 5.45 | J25: -1.5 | K25: -1.63 | L25: 4.81 | M25: -1.63 | N25: 1.1 | P25: -14.78 | Q25: -14.65 | R25: -14.91 | S25: -9.25 | T25: -9.3 | U25: -8.99 | V25: -9.78 | W25: -6.15 | Y25: -18.85 | Z25: -9.25 | AA25: -18.75 | AB25: -11.73 | AC25: -13.45 | AE25: -12.43 | AF25: -12.43 | AG25: 9.68 | AH25: 9.54 | AI25: 4.63 | AJ25: 23.66 | AK25: 23.91 | AL25: 13.7 | AN25: -17.33 | AO25: 0.63 | AP25: 2.02 | AQ25: 0.85 | AR25: 13.04 | AT25: 8.33 | AU25: -1.99 | AV25: 8.33 | AW25: 9.08 | AX25: 7.74 | AY25: -4.49 | AZ25: 3.28 | BA25: 6.85 | BB25: -11.7 | BD25: 3.34 | BE25: -4.7 | BF25: 15.74 | BG25: 3.23 | BH25: 16.21 | BJ25: 20.76 | BK25: 21.92 | BL25: 5.92 | BM25: 25.66 | BN25: 4.82 | BO25: 38.1 | BP25: 5.22 | BQ25: 6.43 | BR25: 20.17 | BS25: 4.82 | BT25: 13.56 | BV25: 15.84 | BW25: 6.14 | BY25: -13.38 | BZ25: 48.35
B26: -3.04 | C26: 4.35 | D26: 6.08 | E26: -3.72 | F26: 33.5 | H26: 10.05 | I26: -2.81 | J26: 6.4 | K26: -0.95 | L26: 4.05 | M26: 16.07 | N26: 4.18 | P26: -2.95 | Q26: -16.17 | R26: -7.9 | S26: -8.18 | T26: -8.43 | U26: -0.52 | V26: -6.38 | W26: 8.73 | Y26: -22.53 | Z26: -0.33 | AA26: -14.47 | AB26: -19.43 | AC26: -11.94 | AE26: -13.31 | AF26: -13.31 | AG26: -13.31 | AH26: 22.03 | AI26: 23.33 | AJ26: 26.94 | AK26: -10.66 | AL26: 14.85 | AN26: -10.24 | AO26: -8.76 | AP26: 2.39 | AQ26: 2.39 | AR26: 10.47 | AT26: -1.71 | AU26: 9.46 | AV26: 8.36 | AW26: 8.67 | AX26: 7.61 | AY26: -3.19 | AZ26: 9.15 | BA26: -4.34 | BB26: -11.45 | BD26: 15.28 | BE26: -4.53 | BF26: -4.7 | BG26: 3.11 | BH26: 15.42 | BJ26: 5.76 | BK26: -2.79 | BL26: 41.2 | BM26: 31.06 | BN26: 24.61 | BO26: 7.15 | BP26: 14.98 | BQ26: -0.98 | BR26: 38.1 | BS26: 7.51 | BT26: 24.32 | BV26: 29.48 | BW26: 16.98 | BY26: 18.3 | BZ26: 0.72
B29: Modelos | P29: Modelos | AE29: Modelos | AT29: Modelos | BJ29: Modelos
B30: 342 | C30: favorece el assess | F30: Mayor roi en assess | P30: 912 | AE30: 882 | AT30: 979 | AU30: grandes metricas en test + assess promedio a bueno | BJ30: 1117 | BK30: metricas de test aceptables + asses bueno
B31: 1071 | C31: favorece metricas en test | F31: 342 | P31: 834 | Q31: mejor assess | AE31: 899 | AF31: roi mayor en test | BJ31: 1093 | BK31: metricas de test aceptables
F32: 35 | P32: 1134 | Q32: gran roi en test y mayor roi en assess PERO mal error y las probas de prod no me gustan | AE32: 372 | AT32: 223 | AU32: alto roi en assess + roi aceptable en test | BJ32: 261 | BK32: metricas de test aceptables
F33: 1129 | P33: 1129 | Q33: gran roi en test y no tan buen assess | AE33: 544 | AF33: roi bajo
F34: 282
C37: CUIDADO!
C38: No necesariamente un ROI alto en assess es bueno. Son solo 10 partidos por pais, es muy poco robusto. Lo tomo mas como una guia.
C42: Tras los resultados del sabado, creo que fue un error seleccionar las metricas segun define_metrics minimizando el error.
C44: Al volver a usar define_metrics por pais maximizando el ROI de prod en 60-40, reselecciono las metricas. Los modelos a usar:
D45: eng | E45: 342
D46: fra
D47: ger
D48: ita
D49: spa

Sheet Metricas semana 34
C2: england | G2: Variabilidad del error
C3: france | D3: 800 | G3: En SPA va de -1.00 a -1.07
C4: germany | G4: En ITA va de -0.9 a -0.99
C5: italy | G5: En ENG va de -0.95 a -1.07
C6: spain | G6: En FRA va de -0.95 a -1.06
G7: En GER va de -0.98 a -1.17
D12: Maximizan f1_score_draw --> Capaz en FRA y GER mejor f1_score_away viendo los roi no tan buenos en assess...
C13: Metrica a max | D13: Model
C14: f1_score_draw | D14: 1070 | E14: 458 | F14: 426 | G14: 461 | I14: 1145 | J14: 771 | K14: 375 | L14: 342 | M14: 1071
C15: f1_score_away | D15: 800 | F15: 1134 | G15: 808
C16: f1_score_away | D16: 766 | E16: 563 | F16: 899
C17: f1_score_draw | D17: 184 | E17: 211
C18: f1_score_draw | D18: 1135 | E18: 119 | F18: 872 | G18: 112
D19: mal assess (0/3 y se perdio 4) | E19: buen assess (1/3 y se perdio el resto) | F19: buen assess (1/2 pero se perdio el resto)
D22: creo que por hoy, no estaria mal tomar empate en los dos...
D25: Tras tener en cuenta cuotas de bet:
D26: eng | E26: 375 | F26: 1070 | G26: 771
D27: fra | E27: 1092 | F27: 808
D28: ger | E28: 563 | F28: 766 | H28: 385 | L28: 900 | M28: 457 | N28: 899 | O28: 424
D29: ita | E29: 187 | F29: 211 | G29: 907
D30: spa | E30: 546
D34: Maximizando n_res y acc_res del rdo mas rentable de cada pais + buen roi en test (y assess promedio)
D35: england | E35: 506 | G35: 893 | H35: 1097 | I35: 436
D36: france | E36: 1083 | H36: 1140 | I36: 1092
D37: germany | E37: 766 | G37: 563 | H37: 751
D38: italy | G38: 112 | H38: 160 | I38: 184 | J38: 907
D39: spain | G39: 1066 | H39: 872 | I39: 1135
D43: id_country | E43: country | F43: iteration_date | G43: n_model | H43: model_name | I43: m_home | J43: m_draw | K43: m_away | L43: Average m | M43: Posicion segun metrics | N43: Puntos fuertes | O43: Puntos flacos | P43: Modelo alternativa | Q43: Error test | R43: Error prod | S43: Var error
D44: 6 | E44: argentina | F44: 45685 | G44: 616 | H44: LogisticRegression
D45: 167 | E45: usa
D46: 48 | E46: england | F46: 45739 | G46: 1070 | H46: LogisticRegression | I46: 5 | J46: 6.58 | K46: 11.42 | L46: =AVERAGE(I46:K46) -> 7.6666667 | M46: 5 | N46: # 5 metrica (error + roi) # 7 roi con ea + Expected roi con ea bueno (en eng importa) Buen assess | O46: Predice poco empate (-65%) | P46: 1071 375 771 | Q46: -0.959 | R46: -0.94135616 | S46: =(R46-Q46)/Q46 -> -0.018398164
D47: 55 | E47: france | F47: 45739 | G47: 1092 | H47: LogisticRegression | I47: 7.11 | J47: 5 | K47: 9.74 | L47: =AVERAGE(I47:K47) -> 7.2833333 | M47: 11 | N47: 11º en metrica (gran gp_home, f1_score_draw, error) Buena distribucion de bets (12% de dif) #4 en roi y #5 en roi con ea Grandes metricas en cv | O47: No es el error mas bajo. Assess promedio (pero fue negativo) | P47: 49 | Q47: -0.98346106 | R47: -1.0356886 | S47: =(R47-Q47)/Q47 -> 0.053105899
D48: 59 | E48: germany | F48: 45739 | G48: 563 | H48: LogisticRegression | I48: 5 | J48: 7.11 | K48: 8.68 | L48: =AVERAGE(I48:K48) -> 6.93 | M48: 1 | N48: #2 en roi con ea y #2 en f1_score y #2 en roi Error promedio. | O48: Mal assess Predice un poco mas de empate de los que hay | P48: 385 | Q48: -1.006229 | R48: -0.970315 | S48: =(R48-Q48)/Q48 -> -0.035691629
D49: 77 | E49: italy | F49: 45739 | G49: 184 | H49: LogisticRegression | I49: 6.05 | J49: 12.89 | K49: 8.68 | L49: =AVERAGE(I49:K49) -> 9.2066667 | M49: 2 | N49: # 1 roi, con gp_draw y gp_away max. Gran f1_score Distribucion aceptable (20%) Grandes metricas de cv | P49: 211 | Q49: -0.92036884 | R49: -1.009543 | S49: =(R49-Q49)/Q49 -> 0.096889554
D50: 148 | E50: spain | F50: 45740 | G50: 546 | H50: LogisticRegression | I50: 5 | J50: 15 | K50: 5 | L50: =AVERAGE(I50:K50) -> 8.3333333 | M50: 11 | N50: # Max roi con ea en empates Metrica buena Buen assess | P50: 1066 / 1135 / 601 | Q50: -1.0182155 | R50: -0.86642141 | S50: =(R50-Q50)/Q50 -> -0.14907856
D60: Cambio domingo
D62: england | E62: 506 | F62: 0 | G62: 3.75 | H62: 10.5
D63: france | E63: 1092 | F63: 2.25 | G63: 0 | H63: 6.75
D64: germany | E64: 900 | F64: 1.19 | G64: 6.89 | H64: 17.34
D65: italy | E65: 184 | F65: 3.75 | G65: 10.5 | H65: 4.5
D66: spain | E66: 1135 | F66: 0 | G66: 9 | H66: 0
D69: Bs
D70: Amplio el espacio m de 1 a 100 (era de 5 a 100) y el reescalado de 1 a 20 (era de 5 a 20)
D71: Dejo de usar expected roi pues no te asegura nada.
D72: saco kelly_linear pues aumenta el m de local.
D74: MAIN_SELECT_MODEL
D75: Metricas: f1_score y f1_score_draw --> lo que tenia no funcionaba.
D76: Quiero buenas predicciones loco. Me canse de perderme empates que sabia que se iban a dar como MIL-FIO, LEC-VEN.

Sheet Semana 35
B4: Main_select_model
C5: Balance entre pasado y futuro: Ojo con guiarte demasiado por los rdos pasados para definir el modelo a usar suponiendo que estos resulados se repetiran en el futuro. Como sucedio en la semana 34, con usar el modelo 184 en lugar del 112 a pesar de que me gustaban mas las predic de este ultim. Comentarios como "Ojo que perdi mucho expected al dejar de seleccionar: 847 en ITA, 667 en FRA"
C7: Un buen metodo podria ser: - Usar el pasado para determinar los modelos candidatos a partir de todos los entrenados. - Usar el futuro para determinar el modelo a usar en prod a partir de los candidatos.
B9: Betting strategy
C10: Balance entre pasado y futuro: Tal vez el gran problema de la bs fue guiarme tanto del pasado para definirla. Suponiendo que ligas a las que les fue mejor, le iran mejor en el futuro. O que rdos que fueron mas rentables, lo seguiran siendo en el futuro, etcetera. Cuidado porque el test no es robusto y pudo haber una buena racha para cierto pais o rdo y que definas mal la estrategia.
D13: Tal vez no usar un m ≠ por pais pues se ajusta demasiado a los rdos en el test los cuales no son para nada representativos de lo que sucederá en prod.
D14: tal vez solo definie el k de kelly_linear
D16: y si uso kelly directamente? - Favoreceria 0 y 2 y perjudicaria 1 - No hay hiperparametros que manejar. No la puedo cagar en la bs pues no lo manejo.
B20: Semana 36
B21: Si el roi + ex_roi es negativo prefiero usar stake 0.
B22: Sino usa un stake altisimo...
C23: No basa el stake segun el roi generado. A mayor roi generado no necesariamente mayor stake...
L26: prob_dp | M26: curva | N26: m | O26: b | P26: k | Q26: roi | R26: roi_por_partido | S26: expected_roi | T26: expected_roi_por_partido | U26: mean_stake | V26: %_G/P
K27: 1 | M27: kelly | N27: 10 | O27: 0 | P27: 10 | Q27: 34.17 | R27: 1.42 | S27: 12.6 | T27: 0.53 | U27: 2.42 | V27: 29.44
K28: 0 | M28: kelly | N28: 10 | O28: 0 | P28: 1 | Q28: 18.98 | R28: 2.71 | S28: -3.01 | T28: -0.43 | U28: 5.39 | V28: 16.35
K29: 2 | M29: kelly | N29: 10 | O29: 0 | P29: 1 | Q29: 62.92 | R29: 2.33 | S29: 22.15 | T29: 0.82 | U29: 4.84 | V29: 54.21

Sheet Metricas semana 35 - roi
B1: ENG | S1: FRA | AJ1: GER | BA1: ITA | BR1: SPA
B2: roi | C2: f1_score | D2: expected_roi | E2: test_accuracy | F2: error | G2: expected_error | H2: f1_score_home | I2: f1_score_draw | J2: f1_score_away | K2: gp_home | L2: gp_draw | M2: gp_away | N2: n_home | O2: n_draw | P2: n_away | Q2: expected_f1_score | S2: roi | T2: f1_score | U2: expected_roi | V2: test_accuracy | W2: error | X2: expected_error | Y2: f1_score_home | Z2: f1_score_draw | AA2: f1_score_away | AB2: gp_home | AC2: gp_draw | AD2: gp_away | AE2: n_home | AF2: n_draw | AG2: n_away | AH2: expected_f1_score | AJ2: roi | AK2: f1_score | AL2: expected_roi | AM2: test_accuracy | AN2: error | AO2: expected_error | AP2: f1_score_home | AQ2: f1_score_draw | AR2: f1_score_away | AS2: gp_home | AT2: gp_draw | AU2: gp_away | AV2: n_home | AW2: n_draw | AX2: n_away | AY2: expected_f1_score | BA2: roi | BB2: f1_score | BC2: expected_roi | BD2: test_accuracy | BE2: error | BF2: expected_error | BG2: f1_score_home | BH2: f1_score_draw | BI2: f1_score_away | BJ2: gp_home | BK2: gp_draw | BL2: gp_away | BM2: n_home | BN2: n_draw | BO2: n_away | BP2: expected_f1_score | BR2: roi | BS2: f1_score | BT2: expected_roi | BU2: test_accuracy | BV2: error | BW2: expected_error | BX2: f1_score_home | BY2: f1_score_draw | BZ2: f1_score_away | CA2: gp_home | CB2: gp_draw | CC2: gp_away | CD2: n_home | CE2: n_draw | CF2: n_away | CG2: expected_f1_score
A3: Mean roi prod | B3: =AVERAGE(B5:B24) -> 7.6005 | C3: =AVERAGE(C5:C24) -> 10.9185 | D3: =AVERAGE(D5:D24) -> 17.8895 | E3: =AVERAGE(E5:E24) -> 15.57 | F3: =AVERAGE(F5:F24) -> 8.2845 | G3: =AVERAGE(G5:G24) -> 12.0135 | H3: =AVERAGE(H5:H24) -> 14.199 | I3: =AVERAGE(I5:I24) -> 18.777 | ... Q3: =AVERAGE(Q5:Q24) -> 17.916 | S3: =AVERAGE(S5:S24) -> -6.686 | T3: =AVERAGE(T5:T24) -> -11.556 | U3: =AVERAGE(U5:U24) -> -7.3065 | V3: =AVERAGE(V5:V24) -> -5.383 | W3: =AVERAGE(W5:W24) -> 0.223 | X3: =AVERAGE(X5:X24) -> -3.991 | Y3: =AVERAGE(Y5:Y24) -> -4.078 | Z3: =AVERAGE(Z5:Z24) -> -8.5645 | ... AH3: =AVERAGE(AH5:AH24) -> -7.5305 | AJ3: =AVERAGE(AJ5:AJ24) -> -17.0175 | AK3: =AVERAGE(AK5:AK24) -> -9.2555 | AL3: =AVERAGE(AL5:AL24) -> -3.371 | AM3: =AVERAGE(AM5:AM24) -> -3.434 | AN3: =AVERAGE(AN5:AN24) -> -1.7255 | AO3: =AVERAGE(AO5:AO24) -> 1.475 | AP3: =AVERAGE(AP5:AP24) -> 7.411 | AQ3: =AVERAGE(AQ5:AQ24) -> -20.6155 | ... AY3: =AVERAGE(AY5:AY24) -> -0.874 | BA3: =AVERAGE(BA5:BA24) -> -14.935 | BB3: =AVERAGE(BB5:BB24) -> -19.5555 | BC3: =AVERAGE(BC5:BC24) -> -17.8795 | BD3: =AVERAGE(BD5:BD24) -> -19.584 | BE3: =AVERAGE(BE5:BE24) -> -19.266 | BF3: =AVERAGE(BF5:BF24) -> -14.4365 | BG3: =AVERAGE(BG5:BG24) -> -15.8495 | BH3: =AVERAGE(BH5:BH24) -> -16.996 | ... BP3: =AVERAGE(BP5:BP24) -> -21.378 | BR3: =AVERAGE(BR5:BR24) -> -4.778 | BS3: =AVERAGE(BS5:BS24) -> -1.8045 | BT3: =AVERAGE(BT5:BT24) -> -3.1355 | BU3: =AVERAGE(BU5:BU24) -> -0.532 | BV3: =AVERAGE(BV5:BV24) -> 0.5815 | BW3: =AVERAGE(BW5:BW24) -> -0.0745 | BX3: =AVERAGE(BX5:BX24) -> 1.555 | BY3: =AVERAGE(BY5:BY24) -> 3.7885 | ... CG3: =AVERAGE(CG5:CG24) -> 2.7825
A4: Var roi prod | B4: =STDEV(B5:B24) -> 11.248651 | C4: =STDEV(C5:C24) -> 14.903929 | D4: =STDEV(D5:D24) -> 14.158061 | E4: =STDEV(E5:E24) -> 4.2446152 | F4: =STDEV(F5:F24) -> 13.171811 | G4: =STDEV(G5:G24) -> 9.6033198 | H4: =STDEV(H5:H24) -> 12.918289 | I4: =STDEV(I5:I24) -> 19.771287 | ... Q4: =STDEV(Q5:Q24) -> 17.447956 | S4: =STDEV(S5:S24) -> 12.165959 | T4: =STDEV(T5:T24) -> 5.7688295 | U4: =STDEV(U5:U24) -> 10.611559 | V4: =STDEV(V5:V24) -> 9.7094019 | W4: =STDEV(W5:W24) -> 10.475769 | X4: =STDEV(X5:X24) -> 8.3078472 | Y4: =STDEV(Y5:Y24) -> 11.588698 | Z4: =STDEV(Z5:Z24) -> 10.915989 | ... AH4: =STDEV(AH5:AH24) -> 11.604756 | AJ4: =STDEV(AJ5:AJ24) -> 20.006431 | AK4: =STDEV(AK5:AK24) -> 14.752809 | AL4: =STDEV(AL5:AL24) -> 19.59507 | AM4: =STDEV(AM5:AM24) -> 15.960133 | AN4: =STDEV(AN5:AN24) -> 20.424086 | AO4: =STDEV(AO5:AO24) -> 11.582779 | AP4: =STDEV(AP5:AP24) -> 16.541005 | AQ4: =STDEV(AQ5:AQ24) -> 18.657306 | ... AY4: =STDEV(AY5:AY24) -> 19.766944 | BA4: =STDEV(BA5:BA24) -> 16.055545 | BB4: =STDEV(BB5:BB24) -> 10.38133 | BC4: =STDEV(BC5:BC24) -> 9.0561979 | BD4: =STDEV(BD5:BD24) -> 9.4846038 | BE4: =STDEV(BE5:BE24) -> 12.371732 | BF4: =STDEV(BF5:BF24) -> 4.580769 | BG4: =STDEV(BG5:BG24) -> 7.5442781 | BH4: =STDEV(BH5:BH24) -> 13.807922 | ... BP4: =STDEV(BP5:BP24) -> 7.4382119 | BR4: =STDEV(BR5:BR24) -> 20.608355 | BS4: =STDEV(BS5:BS24) -> 18.761449 | BT4: =STDEV(BT5:BT24) -> 21.21807 | BU4: =STDEV(BU5:BU24) -> 18.29579 | BV4: =STDEV(BV5:BV24) -> 19.773796 | BW4: =STDEV(BW5:BW24) -> 17.491212 | BX4: =STDEV(BX5:BX24) -> 22.33868 | BY4: =STDEV(BY5:BY24) -> 29.541105 | ... CG4: =STDEV(CG5:CG24) -> 23.586072
B5: 16.15 | C5: -8.78 | D5: 13.78 | E5: 16.15 | F5: 21.13 | G5: 21.13 | H5: 15.63 | I5: -8.78 | J5: 16.15 | K5: -5.43 | L5: -8.78 | M5: 33.38 | N5: 18.63 | O5: 3.17 | P5: -16.31 | Q5: 9.83 | S5: -11.15 | T5: -11.15 | U5: 16.02 | V5: -18.26 | W5: 5.22 | X5: -0.93 | Y5: 0.43 | Z5: 0.19 | AA5: -11.15 | AB5: 18.29 | AC5: 0.19 | AD5: 0.19 | AE5: 10.31 | AF5: -14.06 | AG5: -6.63 | AH5: 16.02 | AJ5: -24.95 | AK5: 8.19 | AL5: -3.43 | AM5: 8.19 | AN5: -18.04 | AO5: -10.61 | AP5: 19.89 | AQ5: -24.95 | AR5: 17.71 | AS5: 8.19 | AT5: -30.71 | AU5: 0.68 | AV5: 18.96 | AW5: -47.08 | AX5: 32.84 | AY5: -3.43 | BA5: 0.23 | BB5: -33.82 | BC5: -10.27 | BD5: -13.15 | BE5: -13.15 | BF5: -20.81 | BG5: -13.15 | BH5: -23.35 | BI5: -31.32 | BJ5: -13.15 | BK5: -6.88 | BL5: -31.32 | BM5: -28.36 | BN5: -1.65 | BO5: -34.41 | BP5: -10.27 | BR5: -26.23 | BS5: 49.32 | BT5: -26.23 | BU5: 49.32 | BV5: -5.47 | BW5: -9.77 | BX5: -10.62 | BY5: -26.23 | BZ5: -0.74 | CA5: 11.16 | CB5: -26.23 | CC5: -11.94 | CD5: -8.15 | CE5: 89.78 | CF5: 59.57 | CG5: -26.23
B6: 16.33 | C6: 16.15 | D6: 23.66 | E6: 16.33 | F6: -27.16 | G6: 13.85 | H6: 10.45 | I6: 35.03 | J6: 13.2 | K6: 23.66 | L6: 35.03 | M6: 16.15 | N6: 13.66 | O6: 24.2 | P6: 21.07 | Q6: 46.89 | S6: 0.19 | T6: -7.32 | U6: -8.95 | V6: -11.16 | W6: 4.95 | X6: -2.63 | Y6: 16.02 | Z6: -11.15 | AA6: 17.37 | AB6: -9.54 | AC6: -7.32 | AD6: -12.61 | AE6: -1.19 | AF6: -27.1 | AG6: -8.95 | AH6: -25.61 | AJ6: -4.03 | AK6: -4.03 | AL6: -3.9 | AM6: 15.74 | AN6: -4.15 | AO6: -5.21 | AP6: 8.19 | AQ6: 8.19 | AR6: 32.84 | AS6: -3.43 | AT6: -55.24 | AU6: -24.95 | AV6: 15.58 | AW6: -24.95 | AX6: 55.03 | AY6: -3.9 | BA6: -33.82 | BB6: 0.23 | BC6: -15.96 | BD6: -25.1 | BE6: -9.76 | BF6: -10.27 | BG6: -20.69 | BH6: -33.82 | BI6: -20.47 | BJ6: -8.05 | BK6: -23.35 | BL6: -30.7 | BM6: 9.82 | BN6: -4.73 | BO6: -32.59 | BP6: -20.04 | BR6: -11.3 | BS6: -11.3 | BT6: -27.55 | BU6: -11.3 | BV6: -19.06 | BW6: -19.22 | BX6: 11.16 | BY6: 23.16 | BZ6: -13.43 | CA6: -19.22 | CB6: -22.63 | CC6: -13.43 | CD6: 4.34 | CE6: -20.94 | CF6: 79.24 | CG6: -5.37
B7: 8.06 | C7: -5.43 | D7: 31.17 | E7: 14.26 | F7: 14.2 | G7: 13.09 | H7: 24.79 | I7: -23.7 | J7: 11.03 | K7: -27.16 | L7: 13.2 | M7: 8.06 | N7: 14.23 | O7: 5.56 | P7: 12.64 | Q7: 55.61 | S7: -15.29 | T7: -18.26 | U7: -25.61 | V7: -8.1 | W7: 5.08 | X7: -1.34 | Y7: -25.9 | Z7: -7.32 | AA7: -17.4 | AB7: -15.29 | AC7: -11.15 | AD7: -11.15 | AE7: -0.79 | AF7: -31.57 | AG7: 27.55 | AH7: -16.1 | AJ7: 8.19 | AK7: 5.33 | AL7: 19.02 | AM7: -4.03 | AN7: 27.73 | AO7: -9.24 | AP7: 4.81 | AQ7: -30.71 | AR7: 15.74 | AS7: -23.17 | AT7: -24.95 | AU7: -4.03 | AV7: 5.19 | AW7: -42.89 | AX7: -26.14 | AY7: -7.27 | BA7: -13.15 | BB7: -28.85 | BC7: -22.51 | BD7: -27.91 | BE7: -31.32 | BF7: -9.35 | BG7: 2.7 | BH7: 0.23 | BI7: -20.42 | BJ7: 2.7 | BK7: 0.23 | BL7: -9.79 | BM7: -31.41 | BN7: 60.49 | BO7: -34.62 | BP7: -15.96 | BR7: -11.68 | BS7: -26.23 | BT7: -25.7 | BU7: -26.23 | BV7: -29.25 | BW7: 5.46 | BX7: 49.32 | BY7: 14.63 | BZ7: 8.05 | CA7: -21.01 | CB7: -36.27 | CC7: -19.83 | CD7: -18.58 | CE7: -2.38 | CF7: 40.44 | CG7: -2.38
B8: 15.76 | C8: 3.29 | D8: 24.84 | E8: 13.53 | F8: 13.85 | G8: 2.28 | H8: -5.43 | I8: 12.96 | J8: 18.21 | K8: 15.63 | L8: 39.55 | M8: 13.82 | N8: 5.57 | O8: 9.03 | P8: 6.87 | Q8: 0.2 | S8: -7.16 | T8: 0.19 | U8: -6.88 | V8: -1.65 | W8: 18.14 | X8: -25.23 | Y8: -11.51 | Z8: -13.79 | AA8: -5.28 | AB8: -25.9 | AC8: -11.18 | AD8: -39.04 | AE8: -0.31 | AF8: -4.02 | AG8: 4.84 | AH8: -2.75 | AJ8: -29.97 | AK8: -24.95 | AL8: -26.58 | AM8: 5.33 | AN8: -21.72 | AO8: -3.58 | AP8: 4.26 | AQ8: -55.24 | AR8: -4.03 | AS8: 5.27 | AT8: -32.32 | AU8: -13.64 | AV8: -26.58 | AW8: -17.01 | AX8: -0.23 | AY8: -3.51 | BA8: -8.05 | BB8: -8.05 | BC8: -15.96 | BD8: 0.23 | BE8: -6.77 | BF8: -9.76 | BG8: -9.76 | BH8: -6.88 | BI8: -20.14 | BJ8: -38.8 | BK8: -28.57 | BL8: -24.12 | BM8: -30.47 | BN8: -17.95 | BO8: -32.18 | BP8: -22.51 | BR8: -13.43 | BS8: 14.63 | BT8: -2.38 | BU8: -30.84 | BV8: 15.97 | BW8: 6.3 | BX8: -11.32 | BY8: 3.35 | BZ8: -14.54 | CA8: -11.98 | CB8: -9.35 | CC8: 42.21 | CD8: 4.27 | CE8: 10.75 | CF8: -1.87 | CG8: -25.7
B9: 13.82 | C9: 13.09 | D9: 46.89 | E9: 8.06 | F9: 13.97 | G9: 4.42 | H9: 11.06 | I9: 0.64 | J9: 26.5 | K9: 2.38 | L9: 31.17 | M9: 15.76 | N9: 20.34 | O9: 2.15 | P9: 4.57 | Q9: 28.18 | S9: -15.3 | T9: -15.33 | U9: -11.87 | V9: -10.19 | W9: -7.54 | X9: -2.04 | Y9: 2.62 | Z9: -15.33 | AA9: -16.18 | AB9: 16.02 | AC9: -13.79 | AD9: -13.66 | AE9: 0.42 | AF9: -15.33 | AG9: 5.22 | AH9: 1.78 | AJ9: -30.71 | AK9: -8.62 | AL9: -2.32 | AM9: -8.93 | AN9: 2.65 | AO9: 0.43 | AP9: 5.14 | AQ9: 25.91 | AR9: -0.23 | AS9: -0.39 | AT9: 25.91 | AU9: 14.12 | AV9: -9.76 | AW9: -30.71 | AX9: 14.25 | AY9: -2.32 | BA9: -7.06 | BB9: -14.42 | BC9: -20.04 | BD9: -33.82 | BE9: -20.14 | BF9: -20.14 | BG9: -20.2 | BH9: -28.57 | BI9: -24.12 | BJ9: 1.74 | BK9: -33.82 | BL9: -20.47 | BM9: -25.4 | BN9: 21.11 | BO9: -33.96 | BP9: -22.98 | BR9: -12.89 | BS9: -13.43 | BT9: -5.37 | BU9: 5.96 | BV9: 12.57 | BW9: -19.06 | BX9: 50.8 | BY9: 89.78 | BZ9: 26.6 | CA9: -25.7 | CB9: -23.85 | CC9: -12.89 | CD9: 4.43 | CE9: -18.03 | CF9: 6.82 | CG9: 5.46
B10: -8.78 | C10: 35.03 | D10: 16.57 | E10: 13.89 | F10: -16.31 | G10: 13.68 | H10: 16.15 | I10: 39.17 | J10: 15.76 | K10: 11.96 | L10: 27.56 | M10: 16.44 | N10: 18.18 | O10: 0.64 | P10: -5.07 | Q10: 2.89 | S10: -13.66 | T10: -17.14 | U10: -5.03 | V10: 2.62 | W10: 4.2 | X10: -0.4 | Y10: 18.29 | Z10: 0.37 | AA10: 1.87 | AB10: -13.66 | AC10: -2 | AD10: 17.37 | AE10: -12.03 | AF10: -24.82 | AG10: 19.22 | AH10: 14.42 | AJ10: -32.32 | AK10: -27.78 | AL10: -8.24 | AM10: 2.67 | AN10: 14.12 | AO10: 4.89 | AP10: -4.97 | AQ10: -27.78 | AR10: -3.08 | AS10: -3.64 | AT10: -20.89 | AU10: -34.54 | AV10: -12.2 | AW10: -44.69 | AX10: -13.25 | AY10: -22.01 | BA10: -28.85 | BB10: -14.38 | BC10: -24.83 | BD10: -16.67 | BE10: -29.36 | BF10: -12.78 | BG10: -11.24 | BH10: 21.11 | BI10: -9.79 | BJ10: -20.69 | BK10: -23.81 | BL10: -20.14 | BM10: -28.02 | BN10: -33.32 | BO10: -26.67 | BP10: -24.83 | BR10: 49.32 | BS10: -12.89 | BT10: 5.46 | BU10: -13.43 | BV10: 50.8 | BW10: -21.01 | BX10: -31.33 | BY10: -10.36 | BZ10: 2.8 | CA10: -10.62 | CB10: 23.16 | CC10: -26.23 | CD10: -5 | CE10: -12.5 | CF10: 24.13 | CG10: -13.37
B11: 13.09 | C11: -9.5 | D11: 13.09 | E11: 15.76 | F11: -5.07 | G11: 7.29 | H11: 55.61 | I11: 45.72 | J11: 16.33 | K11: 10.45 | L11: 13.09 | M11: 2.89 | N11: 14.64 | O11: 26.95 | P11: 13.78 | Q11: 3.29 | S11: -9.74 | T11: -17.31 | U11: -1.55 | V11: -11.72 | W11: -4.95 | X11: 0.06 | Y11: 1.7 | Z11: -18.26 | AA11: -10.19 | AB11: -18.52 | AC11: 0.37 | AD11: 1.7 | AE11: -0.69 | AF11: 0.19 | AG11: -15.29 | AH11: -11.87 | AJ11: 0.68 | AK11: -15.09 | AL11: -3.51 | AM11: -8.62 | AN11: -10.18 | AO11: 23.28 | AP11: -3.43 | AQ11: -8.62 | AR11: 2.38 | AS11: 13.94 | AT11: 8.19 | AU11: -27.24 | AV11: 7.05 | AW11: -23.95 | AX11: 2.98 | AY11: 19.76 | BA11: -12.4 | BB11: -35.41 | BC11: -32.1 | BD11: -20.69 | BE11: -18.11 | BF11: -6.95 | BG11: -11.18 | BH11: -4.73 | BI11: -30.7 | BJ11: -33.32 | BK11: -6.13 | BL11: -20.42 | BM11: -17.38 | BN11: -8.25 | BO11: -31.48 | BP11: -7.11 | BR11: 11.16 | BS11: 10.36 | BT11: -19.22 | BU11: 23.16 | BV11: -9.77 | BW11: 29.49 | BX11: 12.57 | BY11: -1.22 | BZ11: -11.94 | CA11: 8.48 | CB11: -12.89 | CC11: -13.03 | CD11: 4.03 | CE11: -5.89 | CF11: 26.3 | CG11: -27.55
B12: 3.07 | C12: 7.29 | D12: 7.29 | E12: 18.18 | F12: 14.74 | G12: 16.77 | H12: 18.18 | I12: 28.18 | J12: 13.82 | K12: 14.75 | L12: 7.1 | M12: 11.03 | N12: 5.03 | O12: -15.05 | P12: 5.52 | Q12: 31.17 | S12: -15.33 | T12: -7.16 | U12: -6.59 | V12: -5.27 | W12: 4.58 | X12: -1.76 | Y12: 4.66 | Z12: -2 | AA12: -17.08 | AB12: -16.18 | AC12: -18.26 | AD12: -9.74 | AE12: 8.53 | AF12: 13.35 | AG12: 4.2 | AH12: -25.97 | AJ12: 5.33 | AK12: -29.97 | AL12: -33.7 | AM12: -4.86 | AN12: 25.91 | AO12: -3.8 | AP12: 26.28 | AQ12: -35.65 | AR12: 4.7 | AS12: 4.26 | AT12: -35.65 | AU12: 17.71 | AV12: -9.24 | AW12: -10.75 | AX12: 9.7 | AY12: 14.41 | BA12: 1.74 | BB12: -22.98 | BC12: -13.44 | BD12: -7.06 | BE12: -14.63 | BF12: -12.07 | BG12: -10.92 | BH12: -23.81 | BI12: -16.31 | BJ12: -9.76 | BK12: -27.87 | BL12: -16.31 | BM12: -20.04 | BN12: -22.88 | BO12: -23.71 | BP12: -31.92 | BR12: 14.63 | BS12: -14.54 | BT12: -31.33 | BU12: 14.63 | BV12: -30.84 | BW12: -2.38 | BX12: -13.01 | BY12: 59.06 | BZ12: -13.03 | CA12: -13.01 | CB12: -1.22 | CC12: -22.96 | CD12: 9.19 | CE12: -9.51 | CF12: 7.52 | CG12: -13.01
B13: 16.44 | C13: 8.06 | D13: 14.2 | E13: 16.57 | F13: 16.77 | G13: -9.5 | H13: 20.34 | I13: 7.29 | J13: 8.06 | K13: 11.06 | L13: 26.5 | M13: 4.09 | N13: 6.16 | O13: 2.69 | P13: 6.76 | Q13: 12.64 | S13: -18.26 | T13: -2 | U13: -11.82 | V13: -11.15 | W13: 19.06 | X13: -11.3 | Y13: -10.19 | Z13: -24.38 | AA13: -39.04 | AB13: -7.16 | AC13: -15.3 | AD13: -15.33 | AE13: -0.44 | AF13: -6.92 | AG13: 4.76 | AH13: -6.49 | AJ13: -8.62 | AK13: -14.99 | AL13: -22.01 | AM13: -15.09 | AN13: -2.99 | AO13: -12.15 | AP13: 6.14 | AQ13: -20.89 | AR13: 28.3 | AS13: 6.14 | AT13: -26.44 | AU13: -26.14 | AV13: -2.32 | AW13: 14.15 | AX13: -5.52 | AY13: -26.58 | BA13: -14.42 | BB13: -12.4 | BC13: -22.61 | BD13: -16.88 | BE13: -38.6 | BF13: -9.18 | BG13: -17.24 | BH13: -13.84 | BI13: -25.1 | BJ13: -7.06 | BK13: -14.38 | BL13: -20.81 | BM13: -30.8 | BN13: -1.44 | BO13: -25.23 | BP13: -14.43 | BR13: -30.84 | BS13: 5.96 | BT13: 33.03 | BU13: -12.89 | BV13: -21.01 | BW13: -8.97 | BX13: 8.48 | BY13: -22.63 | BZ13: 12.57 | CA13: 22.29 | CB13: -13.43 | CC13: -25.98 | CD13: -12.13 | CE13: 6.2 | CF13: 6.01 | CG13: -9.77
B14: 31.17 | C14: 26.5 | D14: 9.83 | E14: 18.68 | F14: 13.09 | G14: 15.12 | H14: 5.57 | I14: -9.5 | J14: 12.65 | K14: 28.03 | L14: -9.5 | M14: 16.33 | N14: 5.08 | O14: 26.96 | P14: 21.49 | Q14: 12.23 | S14: 16.7 | T14: -4.95 | U14: -2.75 | V14: 12.96 | W14: -23.22 | X14: 12.94 | Y14: -13.46 | Z14: -30.84 | AA14: 0.29 | AB14: -4.95 | AC14: -17.31 | AD14: -16.18 | AE14: -0.6 | AF14: -2.26 | AG14: 3.33 | AH14: -11.82 | AJ14: -27.78 | AK14: -8.93 | AL14: -7.41 | AM14: -29.97 | AN14: 15.74 | AO14: 9.64 | AP14: -3.64 | AQ14: 5.33 | AR14: 17.22 | AS14: 4.81 | AT14: -8.62 | AU14: -10.13 | AV14: 0.43 | AW14: -40.05 | AX14: 19.67 | AY14: 16.63 | BA14: -33.32 | BB14: -31.92 | BC14: -14.99 | BD14: -28.85 | BE14: -12.07 | BF14: -9.78 | BG14: -21.44 | BH14: -18.2 | BI14: -22.66 | BJ14: -10.92 | BK14: 37.11 | BL14: -22.66 | BM14: -30.8 | BN14: -13.99 | BO14: -31.11 | BP14: -22.21 | BR14: -19.83 | BS14: 23.16 | BT14: -21.01 | BU14: -14.54 | BV14: 7.04 | BW14: -15.16 | BX14: -11.98 | BY14: -11.68 | BZ14: 3.33 | CA14: -9.51 | CB14: -10.73 | CC14: 23.85 | CD14: -2.96 | CE14: -29.76 | CF14: 5.86 | CG14: 42.5
B15: 4.09 | C15: 17.61 | D15: 14.52 | E15: 5.57 | F15: 15.12 | G15: 13.97 | H15: 5.64 | I15: 39.55 | J15: 14.92 | K15: 3.07 | L15: 29.14 | M15: 28.35 | N15: 13.83 | O15: 27.7 | P15: 8.26 | Q15: 33.3 | S15: -16.18 | T15: -11.87 | U15: -7.1 | V15: -17.31 | W15: 4.06 | X15: 0.23 | Y15: 1.65 | Z15: -14.06 | AA15: -9.74 | AB15: 3.55 | AC15: 11.53 | AD15: -7.16 | AE15: 10.5 | AF15: -5.12 | AG15: 6.32 | AH15: 1.73 | AJ15: -15.09 | AK15: -24.45 | AL15: 53.88 | AM15: -3.43 | AN15: -29.97 | AO15: 0.25 | AP15: 5.27 | AQ15: -32.32 | AR15: 21.45 | AS15: 19.89 | AT15: 5.33 | AU15: -11.66 | AV15: -3.58 | AW15: -35.65 | AX15: -12.82 | AY15: 3.26 | BA15: -14.38 | BB15: -13.84 | BC15: -12.54 | BD15: -8.05 | BE15: -27.34 | BF15: -15.58 | BG15: -22.28 | BH15: -28.85 | BI15: -29.32 | BJ15: -11.24 | BK15: -17.97 | BL15: -16.88 | BM15: -20.95 | BN15: -28.97 | BO15: -22.78 | BP15: -24.39 | BR15: -9.35 | BS15: -9.35 | BT15: -13.01 | BU15: 10.36 | BV15: -9.35 | BW15: 6.13 | BX15: 6.3 | BY15: -2.01 | BZ15: 14.63 | CA15: -11.32 | CB15: -29.25 | CC15: -21.45 | CD15: -5.47 | CE15: 3.02 | CF15: 38.56 | CG15: 34.7
B16: -5.43 | C16: 9.12 | D16: 55.61 | E16: 20.34 | F16: 8.09 | G16: 15.28 | H16: 3.29 | I16: 21.59 | J16: 28.63 | K16: 24.79 | L16: 17.61 | M16: 7.14 | N16: 5.7 | O16: 19.6 | P16: 13.82 | Q16: 28.71 | S16: 16.02 | T16: -11.18 | U16: -16.1 | V16: -10.75 | W16: 4.04 | X16: -1.05 | Y16: 10.85 | Z16: -7.16 | AA16: 4.75 | AB16: 16.7 | AC16: -1.52 | AD16: -2.14 | AE16: 0.32 | AF16: -10.01 | AG16: 6.38 | AH16: -24.28 | AJ16: -20.89 | AK16: 2.67 | AL16: -7.73 | AM16: -24.95 | AN16: 2.5 | AO16: 4.63 | AP16: 6.5 | AQ16: -4.03 | AR16: 55.03 | AS16: -47.08 | AT16: -29.97 | AU16: 13.94 | AV16: 14.44 | AW16: 9.36 | AX16: -2.08 | AY16: -24.16 | BA16: -27.91 | BB16: -18.2 | BC16: -24.12 | BD16: -29.32 | BE16: -21.8 | BF16: -16.96 | BG16: -30.11 | BH16: -23.81 | BI16: -12.37 | BJ16: -11.18 | BK16: -23.81 | BL16: -12.43 | BM16: -28.81 | BN16: -25.51 | BO16: -28.9 | BP16: -32.44 | BR16: 10.36 | BS16: 3.35 | BT16: -13.37 | BU16: -9.77 | BV16: 10.94 | BW16: 8.37 | BX16: 9.8 | BY16: -5.37 | BZ16: 27.29 | CA16: -18.03 | CB16: 14.63 | CC16: -15.83 | CD16: 4.9 | CE16: -21.52 | CF16: 21.46 | CG16: 50.92
... B24: -16.31 | C24: 16.59 | D24: 18.68 | E24: 13.54 | F24: 14.32 | G24: 14.32 | H24: 16.57 | I24: 13.09 | J24: 28.35 | K24: 55.61 | L24: 16.15 | M24: 14.5 | N24: 14.31 | O24: 39.17 | P24: 6.6 | Q24: 10.73 | S24: -8.1 | T24: -8.1 | U24: -1.55 | V24: -2.17 | W24: -19.24 | X24: -23.22 | Y24: -11.82 | Z24: 13.35 | AA24: -13.66 | AB24: 8.46 | AC24: 2.14 | AD24: 4.3 | AE24: -1.34 | AF24: -8.56 | AG24: 4.3 | AH24: -6.01 | AJ24: -55.24 | AK24: -3.43 | AL24: -20.89 | AM24: 0.11 | AN24: 37.01 | AO24: 14.5 | AP24: 5.99 | AQ24: -30.53 | AR24: -10.13 | AS24: 18.68 | AT24: -23.86 | AU24: 17.22 | AV24: -9.97 | AW24: -32.32 | AX24: 2.38 | AY24: -33.7 | BA24: -31.32 | BB24: -4.73 | BC24: -25.06 | BD24: -35.41 | BE24: -35.17 | BF24: -20.69 | BG24: -29.82 | BH24: -28.24 | BI24: -8.81 | BJ24: -22.28 | BK24: -9.34 | BL24: -33.21 | BM24: -28.2 | BN24: 2.32 | BO24: -33.64 | BP24: -22.61 | BR24: -14.54 | BS24: -11.98 | BT24: 6.3 | BU24: -7.42 | BV24: 19.84 | BW24: 2.17 | BX24: -19.22 | BY24: -13.43 | BZ24: -13.18 | CA24: -11.68 | CB24: -5.37 | CC24: -9.35 | CD24: 27.66 | CE24: -7.42 | CF24: -12.32 | CG24: -19.22
B26: -4.778 | C26: -1.8045 | D26: -3.1355 | E26: -0.532 | F26: 0.5815 | G26: -0.0745 | H26: 1.555 | I26: 3.7885 | J26: 4.334 | K26: 1.204 | L26: -4.729 | M26: -8.059 | N26: 1.6905 | O26: -6.0185
A28: Metrics | B28: eng | C28: fra | D28: ger | E28: ita | F28: spa | G28: mean | J28: eng | K28: fra | L28: ger | M28: ita | N28: spa | O28: mean | Q28: Column 1 | R28: eng | S28: fra | T28: ger | U28: ita | V28: spa | W28: mean | X28: Var | AA28: eng | AB28: fra | AC28: ger | AD28: ita | AE28: spa
A29: n_away | B29: 9.821 | C29: 1.5255 | D29: 6.5565 | E29: -29.364 | F29: 20 | G29: =AVERAGE(B29:F29) -> 1.7078 | I29: n_away | J29: =B$52*B29+B$53 -> 0.16974353 | K29: =C$52*C29+C$53 -> 1 | L29: =D$52*D29+D$53 -> 0.97173053 | M29: =E$52*E29+E$53 -> 0 | N29: =F$52*F29+F$53 -> 1 | O29: =AVERAGE(J29:N29) -> 0.62829481 | Q29: f1_score_away | R29: 0.84374881 | S29: 0.50754883 | T29: 1 | U29: 0.3925038 | V29: 0.44167647 | W29: 0.63709558 | X29: =STDEV(R29:V29) -> 0.2688872 | AA29: =R30+R33+R41+R34 -> 2.0021022 | AB29: =S30+S33+S41+S34 -> 2.7372625 | AC29: =T30+T33+T41+T34 -> 2.5369895 | AD29: =U30+U33+U41+U34 -> 2.0037381 | AE29: =V30+V33+V41+V34 -> 1.7047471
A30: f1_score_away | B30: 18.638 | C30: -4.9165 | D30: 7.5315 | E30: -21.489 | F30: 4.334 | G30: =AVERAGE(B30:F30) -> 0.8196 | I30: f1_score_away | J30: =B$52*B30+B$53 -> 0.84374881 | K30: =C$52*C30+C$53 -> 0.50754883 | L30: =D$52*D30+D$53 -> 1 | M30: =E$52*E30+E$53 -> 0.3925038 | N30: =F$52*F30+F$53 -> 0.44167647 | O30: =AVERAGE(J30:N30) -> 0.63709558 | Q30: n_away | R30: 0.16974353 | S30: 1 | T30: 0.97173053 | U30: -2.220446e-16 | V30: 1 | W30: 0.62829481 | X30: =STDEV(R30:V30) -> 0.49982528 | Z30: n_home | AA30: =R33/AA$29 -> 0.2844352 | AB30: =S33/AB$29 -> 0.35174195 | AC30: =T33/AC$29 -> 0.29202453 | AD30: =U33/AD$29 -> 0.12962042 | AE30: =V33/AE$29 -> 0.20382159
A31: f1_score_home | B31: 14.199 | C31: -4.078 | D31: 7.411 | E31: -15.8495 | F31: 1.555 | G31: =AVERAGE(B31:F31) -> 0.6475 | I31: f1_score_home | J31: =B$52*B31+B$53 -> 0.50441463 | K31: =C$52*C31+C$53 -> 0.57164698 | L31: =D$52*D31+D$53 -> 0.99650618 | M31: =E$52*E31+E$53 -> 0.67358636 | N31: =F$52*F31+F$53 -> 0.34263516 | O31: =AVERAGE(J31:N31) -> 0.61775786 | Q31: f1_score_home | R31: 0.50441463 | S31: 0.57164698 | T31: 0.99650618 | U31: 0.67358636 | V31: 0.34263516 | W31: 0.61775786 | X31: =STDEV(R31:V31) -> 0.2435326 | Z31: n_draw | AA31: =R41/AA$29 -> 0.46228594 | AB31: =S41/AB$29 -> 0.071660965 | AC31: =T41/AC$29 -> 0 | AD31: =U41/AD$29 -> 0.49906721 | AE31: =V41/AE$29 -> 0.042658388
A32: expected_error | B32: 12.0135 | C32: -3.991 | D32: 1.475 | E32: -14.4365 | F32: -0.0745 | G32: =AVERAGE(B32:F32) -> -1.0027 | I32: expected_error | J32: =B$52*B32+B$53 -> 0.33734663 | K32: =C$52*C32+C$53 -> 0.5782976 | L32: =D$52*D32+D$53 -> 0.82439583 | M32: =E$52*E32+E$53 -> 0.74401276 | N32: =F$52*F32+F$53 -> 0.2845611 | O32: =AVERAGE(J32:N32) -> 0.55372278 | Q32: gp_home | R32: 0.56147995 | S32: 0.58032336 | T32: 0.65756245 | U32: 0.75109029 | V32: 0.33012581 | W32: 0.57611637 | X32: =STDEV(R32:V32) -> 0.15651886 | Z32: n_away | AA32: =R30/AA$29 -> 0.08478265 | AB32: =S30/AB$29 -> 0.36532849 | AC32: =T30/AC$29 -> 0.38302505 | AD32: =U30/AD$29 -> 0 | AE32: =V30/AE$29 -> 0.58659726
A33: gp_home | B33: 14.9455 | C33: -3.9645 | D33: -4.279 | E33: -14.2945 | F33: 1.204 | G33: =AVERAGE(B33:F33) -> -1.2777 | I33: gp_home | J33: =B$52*B33+B$53 -> 0.56147995 | K33: =C$52*C33+C$53 -> 0.58032336 | L33: =D$52*D33+D$53 -> 0.65756245 | M33: =E$52*E33+E$53 -> 0.75109029 | N33: =F$52*F33+F$53 -> 0.33012581 | O33: =AVERAGE(J33:N33) -> 0.57611637 | Q33: n_home | R33: 0.56946833 | S33: 0.96281008 | T33: 0.74086316 | U33: 0.25972537 | V33: 0.34746427 | W33: 0.57606624 | X33: =STDEV(R33:V33) -> 0.28683739 | Z33: expected_error | AA33: =R34/AA$29 -> 0.16849621 | AB33: =S34/AB$29 -> 0.21126859 | AC33: =T34/AC$29 -> 0.32495043 | AD33: =U34/AD$29 -> 0.37131237 | AE33: =V34/AE$29 -> 0.16692276
A34: n_home | B34: 15.05 | C34: 1.039 | D34: -1.406 | E34: -24.153 | F34: 1.6905 | G34: =AVERAGE(B34:F34) -> -1.5559 | I34: n_home | J34: =B$52*B34+B$53 -> 0.56946833 | K34: =C$52*C34+C$53 -> 0.96281008 | L34: =D$52*D34+D$53 -> 0.74086316 | M34: =E$52*E34+E$53 -> 0.25972537 | N34: =F$52*F34+F$53 -> 0.34746427 | O34: =AVERAGE(J34:N34) -> 0.57606624 | Q34: expected_error | R34: 0.33734663 | S34: 0.5782976 | T34: 0.82439583 | U34: 0.74401276 | V34: 0.2845611 | W34: 0.55372278 | X34: =STDEV(R34:V34) -> 0.23944976
A35: expected_f1_score | B35: 17.916 | C35: -7.5305 | D35: -0.874 | E35: -21.378 | F35: 2.8 | G35: =AVERAGE(B35:F35) -> -1.8133 | I35: expected_f1_score | J35: =B$52*B35+B$53 -> 0.78855636 | K35: =C$52*C35+C$53 -> 0.30772465 | L35: =D$52*D35+D$53 -> 0.75628815 | M35: =E$52*E35+E$53 -> 0.39803624 | N35: =F$52*F35+F$53 -> 0.38700595 | O35: =AVERAGE(J35:N35) -> 0.52752227 | Q35: expected_f1_score | R35: 0.78855636 | S35: 0.30772465 | T35: 0.75628815 | U35: 0.39803623 | V35: 0.38700595 | W35: 0.52752227 | X35: =STDEV(R35:V35) -> 0.2265475
A36: error | B36: 8.2845 | C36: 0.223 | D36: -1.7255 | E36: -19.266 | F36: 0.5815 | G36: =AVERAGE(B36:F36) -> -2.3805 | I36: error | J36: =B$52*B36+B$53 -> 0.052287582 | K36: =C$52*C36+C$53 -> 0.90043191 | L36: =D$52*D36+D$53 -> 0.73159947 | M36: =E$52*E36+E$53 -> 0.50330202 | N36: =F$52*F36+F$53 -> 0.30794041 | O36: =AVERAGE(J36:N36) -> 0.49911228 | Q36: gp_draw | R36: 1 | S36: 0.57543095 | T36: 0.16867452 | U36: 0.76711441 | V36: 0.1186785 | W36: 0.52597968 | X36: =STDEV(R36:V36) -> 0.38041026 | Z36: El tema de usar este metodo es que es muy poco robusto. En SPA gana n_away por lejos porque justo se dio una fecha donde ganaron todos los 2 de sorpresa REA-VAL, MAL-CEL, etc.
A37: test_accuracy | B37: 15.57 | C37: -5.383 | D37: -3.434 | E37: -19.584 | F37: -0.532 | G37: =AVERAGE(B37:F37) -> -2.6726 | I37: test_accuracy | J37: =B$52*B37+B$53 -> 0.60921913 | K37: =C$52*C37+C$53 -> 0.47188778 | L37: =D$52*D37+D$53 -> 0.68206266 | M37: =E$52*E37+E$53 -> 0.48745234 | N37: =F$52*F37+F$53 -> 0.26825617 | O37: =AVERAGE(J37:N37) -> 0.50377562 | Q37: expected_roi | R37: 0.7865306 | S37: 0.32484807 | T37: 0.6838893 | U37: 0.57240761 | V37: 0.17546955 | W37: 0.50862902 | X37: =STDEV(R37:V37) -> 0.25336921
A38: expected_roi | B38: 17.8895 | C38: -7.3065 | D38: -3.371 | E38: -17.8795 | F38: -3.1355 | G38: =AVERAGE(B38:F38) -> -2.7606 | I38: expected_roi | J38: =B$52*B38+B$53 -> 0.7865306 | K38: =C$52*C38+C$53 -> 0.32484807 | L38: =D$52*D38+D$53 -> 0.6838893 | M38: =E$52*E38+E$53 -> 0.57240761 | N38: =F$52*F38+F$53 -> 0.17546955 | O38: =AVERAGE(J38:N38) -> 0.50862902 | Q38: test_accuracy | R38: 0.60921913 | S38: 0.47188778 | T38: 0.68206266 | U38: 0.48745234 | V38: 0.26825617 | W38: 0.50377562 | X38: =STDEV(R38:V38) -> 0.15784272
A39: gp_draw | B39: 20.682 | C39: -4.0285 | D39: -21.1405 | E39: -13.973 | F39: -4.729 | G39: =AVERAGE(B39:F39) -> -4.6378 | I39: gp_draw | J39: =B$52*B39+B$53 -> 1 | K39: =C$52*C39+C$53 -> 0.57543095 | L39: =D$52*D39+D$53 -> 0.16867452 | M39: =E$52*E39+E$53 -> 0.76711441 | N39: =F$52*F39+F$53 -> 0.1186785 | O39: =AVERAGE(J39:N39) -> 0.52597968 | Q39: error | R39: 0.052287582 | S39: 0.90043191 | T39: 0.73159947 | U39: 0.50330202 | V39: 0.30794041 | W39: 0.49911228 | X39: =STDEV(R39:V39) -> 0.33590337
A40: f1_score_draw | B40: 18.777 | C40: -8.5645 | D40: -20.6155 | E40: -16.996 | F40: 3.7885 | G40: =AVERAGE(B40:F40) -> -4.7221 | I40: f1_score_draw | J40: =B$52*B40+B$53 -> 0.8543745 | K40: =C$52*C40+C$53 -> 0.22868173 | L40: =D$52*D40+D$53 -> 0.18389655 | M40: =E$52*E40+E$53 -> 0.61644279 | N40: =F$52*F40+F$53 -> 0.42223529 | O40: =AVERAGE(J40:N40) -> 0.46112617 | Q40: f1_score_draw | R40: 0.8543745 | S40: 0.22868173 | T40: 0.18389655 | U40: 0.61644279 | V40: 0.42223529 | W40: 0.46112617 | X40: =STDEV(R40:V40) -> 0.27891158
A41: gp_away | B41: 12.575 | C41: -4.825 | D41: -6.4655 | E41: -21.2015 | F41: -8.059 | G41: =AVERAGE(B41:F41) -> -5.5952 | I41: gp_away | J41: =B$52*B41+B$53 -> 0.38026985 | K41: =C$52*C41+C$53 -> 0.51454344 | L41: =D$52*D41+D$53 -> 0.59416634 | M41: =E$52*E41+E$53 -> 0.4068333 | N41: =F$52*F41+F$53 -> 0 | O41: =AVERAGE(J41:N41) -> 0.37916259 | Q41: n_draw | R41: 0.92554371 | S41: 0.19615488 | T41: 0 | U41: 1 | V41: 0.072721765 | W41: 0.43888407 | X41: =STDEV(R41:V41) -> 0.48407133
A42: f1_score | B42: 10.9185 | C42: -11.556 | D42: -9.2555 | E42: -19.5555 | F42: -1.8045 | G42: =AVERAGE(B42:F42) -> -6.2506 | I42: f1_score | J42: =B$52*B42+B$53 -> 0.25364064 | K42: =C$52*C42+C$53 -> 0 | L42: =D$52*D42+D$53 -> 0.51327216 | M42: =E$52*E42+E$53 -> 0.48887283 | N42: =F$52*F42+F$53 -> 0.22290531 | O42: =AVERAGE(J42:N42) -> 0.29573819 | Q42: gp_away | R42: 0.38026985 | S42: 0.51454344 | T42: 0.59416634 | U42: 0.4068333 | V42: -5.5511151e-17 | W42: 0.37916259 | X42: =STDEV(R42:V42) -> 0.22862948
A43: n_draw | B43: 19.708 | C43: -8.99 | D43: -26.958 | E43: -9.3005 | F43: -6.0185 | G43: =AVERAGE(B43:F43) -> -6.3118 | I43: n_draw | J43: =B$52*B43+B$53 -> 0.92554371 | K43: =C$52*C43+C$53 -> 0.19615488 | L43: =D$52*D43+D$53 -> 0 | M43: =E$52*E43+E$53 -> 1 | N43: =F$52*F43+F$53 -> 0.072721765 | O43: =AVERAGE(J43:N43) -> 0.43888407 | Q43: roi | R43: 1.110223e-16 | S43: 0.37228147 | T43: 0.28821815 | U43: 0.71916665 | V43: 0.11693218 | W43: 0.29931969 | X43: =STDEV(R43:V43) -> 0.27594185
A44: roi | B44: 7.6005 | C44: -6.686 | D44: -17.0175 | E44: -14.935 | F44: -4.778 | G44: =AVERAGE(B44:F44) -> -7.1632 | I44: roi | J44: =B$52*B44+B$53 -> 0 | K44: =C$52*C44+C$53 -> 0.37228147 | L44: =D$52*D44+D$53 -> 0.28821815 | M44: =E$52*E44+E$53 -> 0.71916665 | N44: =F$52*F44+F$53 -> 0.11693218 | O44: =AVERAGE(J44:N44) -> 0.29931969 | Q44: f1_score | R44: 0.25364064 | S44: 0 | T44: 0.51327216 | U44: 0.48887283 | V44: 0.22290531 | W44: 0.29573819 | X44: =STDEV(R44:V44) -> 0.21163644
A47: x1 | B47: =MIN(Table1[eng]) -> 7.6005 | C47: =MIN(Table1[fra]) -> -11.556 | D47: =MIN(Table1[ger]) -> -26.958 | E47: =MIN(Table1[ita]) -> -29.364 | F47: =MIN(Table1[spa]) -> -8.059 | Q47: Selecciono por pais pues varian y no me gusta la seleccion de modelos con las mismas metricas (los modelos que elige)
A48: y1 | B48: 0 | C48: 0 | D48: 0 | E48: 0 | F48: 0
A49: x2 | B49: =MAX(Table1[eng]) -> 20.682 | C49: =MAX(Table1[fra]) -> 1.5255 | D49: =MAX(Table1[ger]) -> 7.5315 | E49: =MAX(Table1[ita]) -> -9.3005 | F49: =MAX(Table1[spa]) -> 20
A50: y2 | B50: 1 | C50: 1 | D50: 1 | E50: 1 | F50: 1
A52: m | B52: =(B50-B48)/(B49-B47) -> 0.076443833 | C52: =(C50-C48)/(C49-C47) -> 0.076443833 | D52: =(D50-D48)/(D49-D47) -> 0.028994332 | E52: =(E50-E48)/(E49-E47) -> 0.049841752 | F52: =(F50-F48)/(F49-F47) -> 0.035639189
A53: b | B53: =B50-B52*B49 -> -0.58101135 | C53: =C50-C52*C49 -> 0.88338493 | D53: =D50-D52*D49 -> 0.78162919 | E53: =E50-E52*E49 -> 1.4635532 | F53: =F50-F52*F49 -> 0.28721622

Sheet Metricas semana 35 - f1_score
B1: ENG | S1: FRA | AJ1: GER | BA1: ITA | BR1: SPA
B2: roi | C2: f1_score | D2: expected_roi | E2: test_accuracy | F2: error | G2: expected_error | H2: f1_score_home | I2: f1_score_draw | J2: f1_score_away | K2: gp_home | L2: gp_draw | M2: gp_away | N2: n_home | O2: n_draw | P2: n_away | Q2: expected_f1_score | S2: roi | T2: f1_score | U2: expected_roi | V2: test_accuracy | W2: error | X2: expected_error | Y2: f1_score_home | Z2: f1_score_draw | AA2: f1_score_away | AB2: gp_home | AC2: gp_draw | AD2: gp_away | AE2: n_home | AF2: n_draw | AG2: n_away | AH2: expected_f1_score | AJ2: roi | AK2: f1_score | AL2: expected_roi | AM2: test_accuracy | AN2: error | AO2: expected_error | AP2: f1_score_home | AQ2: f1_score_draw | AR2: f1_score_away | AS2: gp_home | AT2: gp_draw | AU2: gp_away | AV2: n_home | AW2: n_draw | AX2: n_away | AY2: expected_f1_score | BA2: roi | BB2: f1_score | BC2: expected_roi | BD2: test_accuracy | BE2: error | BF2: expected_error | BG2: f1_score_home | BH2: f1_score_draw | BI2: f1_score_away | BJ2: gp_home | BK2: gp_draw | BL2: gp_away | BM2: n_home | BN2: n_draw | BO2: n_away | BP2: expected_f1_score | BR2: roi | BS2: f1_score | BT2: expected_roi | BU2: test_accuracy | BV2: error | BW2: expected_error | BX2: f1_score_home | BY2: f1_score_draw | BZ2: f1_score_away | CA2: gp_home | CB2: gp_draw | CC2: gp_away | CD2: n_home | CE2: n_draw | CF2: n_away | CG2: expected_f1_score
A3: Mean f1_score prod | B3: =AVERAGE(B5:B24) -> 43.3825 | C3: =AVERAGE(C5:C24) -> 45.8475 | D3: =AVERAGE(D5:D24) -> 46.6455 | E3: =AVERAGE(E5:E24) -> 44.675 | F3: =AVERAGE(F5:F24) -> 44.7335 | G3: =AVERAGE(G5:G24) -> 45.0135 | H3: =AVERAGE(H5:H24) -> 46.7155 | I3: =AVERAGE(I5:I24) -> 49.5395 | ... Q3: =AVERAGE(Q5:Q24) -> 47.897 | S3: =AVERAGE(S5:S24) -> 37.665 | T3: =AVERAGE(T5:T24) -> 36.732 | U3: =AVERAGE(U5:U24) -> 37.9485 | V3: =AVERAGE(V5:V24) -> 37.477 | W3: =AVERAGE(W5:W24) -> 38.437 | X3: =AVERAGE(X5:X24) -> 38.2215 | Y3: =AVERAGE(Y5:Y24) -> 38.2205 | Z3: =AVERAGE(Z5:Z24) -> 37.6485 | ... AH3: =AVERAGE(AH5:AH24) -> 38.054 | AJ3: =AVERAGE(AJ5:AJ24) -> 36.4675 | AK3: =AVERAGE(AK5:AK24) -> 40.2245 | AL3: =AVERAGE(AL5:AL24) -> 41.493 | AM3: =AVERAGE(AM5:AM24) -> 41.615 | AN3: =AVERAGE(AN5:AN24) -> 41.733 | AO3: =AVERAGE(AO5:AO24) -> 41.758 | AP3: =AVERAGE(AP5:AP24) -> 44.9875 | AQ3: =AVERAGE(AQ5:AQ24) -> 35.6675 | ... AY3: =AVERAGE(AY5:AY24) -> 42.79 | BA3: =AVERAGE(BA5:BA24) -> 41.4005 | BB3: =AVERAGE(BB5:BB24) -> 39.1235 | BC3: =AVERAGE(BC5:BC24) -> 39.624 | BD3: =AVERAGE(BD5:BD24) -> 39.631 | BE3: =AVERAGE(BE5:BE24) -> 40.391 | BF3: =AVERAGE(BF5:BF24) -> 42.9255 | BG3: =AVERAGE(BG5:BG24) -> 41.785 | BH3: =AVERAGE(BH5:BH24) -> 39.5765 | ... BP3: =AVERAGE(BP5:BP24) -> 38.253 | BR3: =AVERAGE(BR5:BR24) -> 42.417 | BS3: =AVERAGE(BS5:BS24) -> 42.9755 | BT3: =AVERAGE(BT5:BT24) -> 42.928 | BU3: =AVERAGE(BU5:BU24) -> 42.8075 | BV3: =AVERAGE(BV5:BV24) -> 42.173 | BW3: =AVERAGE(BW5:BW24) -> 44.4 | BX3: =AVERAGE(BX5:BX24) -> 43.9905 | BY3: =AVERAGE(BY5:BY24) -> 43.114 | ... CG3: =AVERAGE(CG5:CG24) -> 44.6675
A4: Var f1_score prod | B4: =STDEV(B5:B24) -> 2.9680152 | C4: =STDEV(C5:C24) -> 5.7263646 | D4: =STDEV(D5:D24) -> 5.9241864 | E4: =STDEV(E5:E24) -> 2.7293984 | F4: =STDEV(F5:F24) -> 4.7149631 | G4: =STDEV(G5:G24) -> 4.0480317 | H4: =STDEV(H5:H24) -> 5.707104 | I4: =STDEV(I5:I24) -> 6.6252869 | ... Q4: =STDEV(Q5:Q24) -> 7.0512948 | S4: =STDEV(S5:S24) -> 5.5941459 | T4: =STDEV(T5:T24) -> 5.1263864 | U4: =STDEV(U5:U24) -> 4.4243635 | V4: =STDEV(V5:V24) -> 3.0390409 | W4: =STDEV(W5:W24) -> 2.251519 | X4: =STDEV(X5:X24) -> 2.6045957 | Y4: =STDEV(Y5:Y24) -> 4.3786702 | Z4: =STDEV(Z5:Z24) -> 5.7339536 | ... AH4: =STDEV(AH5:AH24) -> 4.6016741 | AJ4: =STDEV(AJ5:AJ24) -> 6.9356766 | AK4: =STDEV(AK5:AK24) -> 5.0116784 | AL4: =STDEV(AL5:AL24) -> 6.3416046 | AM4: =STDEV(AM5:AM24) -> 6.1739346 | AN4: =STDEV(AN5:AN24) -> 6.5064099 | AO4: =STDEV(AO5:AO24) -> 5.1390063 | AP4: =STDEV(AP5:AP24) -> 6.4880318 | AQ4: =STDEV(AQ5:AQ24) -> 6.9062709 | ... AY4: =STDEV(AY5:AY24) -> 7.4281492 | BA4: =STDEV(BA5:BA24) -> 5.7196232 | BB4: =STDEV(BB5:BB24) -> 4.822593 | BC4: =STDEV(BC5:BC24) -> 4.5956254 | BD4: =STDEV(BD5:BD24) -> 5.0361367 | BE4: =STDEV(BE5:BE24) -> 6.0673257 | BF4: =STDEV(BF5:BF24) -> 2.9640876 | BG4: =STDEV(BG5:BG24) -> 3.9733567 | BH4: =STDEV(BH5:BH24) -> 5.0370619 | ... BP4: =STDEV(BP5:BP24) -> 4.7321355 | BR4: =STDEV(BR5:BR24) -> 5.9820434 | BS4: =STDEV(BS5:BS24) -> 5.5273897 | BT4: =STDEV(BT5:BT24) -> 6.6000683 | BU4: =STDEV(BU5:BU24) -> 5.6171756 | BV4: =STDEV(BV5:BV24) -> 5.0106593 | BW4: =STDEV(BW5:BW24) -> 5.4719678 | BX4: =STDEV(BX5:BX24) -> 6.4661763 | BY4: =STDEV(BY5:BY24) -> 5.8472111 | ... CG4: =STDEV(CG5:CG24) -> 7.4009188
B5: 43.83 | C5: 42.59 | D5: 43.73 | E5: 43.83 | F5: 54.02 | G5: 54.02 | H5: 49.28 | I5: 42.59 | J5: 43.83 | K5: 39.87 | L5: 42.59 | M5: 53.91 | N5: 43.73 | O5: 44.69 | P5: 40.79 | Q5: 42.24 | S5: 32.35 | T5: 32.35 | U5: 42.75 | V5: 31.52 | W5: 40.26 | X5: 38.99 | Y5: 41.27 | Z5: 56.43 | AA5: 32.35 | AB5: 46.03 | AC5: 56.43 | AD5: 56.43 | AE5: 42.24 | AF5: 34.21 | AG5: 38.1 | AH5: 42.75 | AJ5: 35.13 | AK5: 46.4 | AL5: 42.85 | AM5: 46.4 | AN5: 38.99 | AO5: 41.52 | AP5: 42.51 | AQ5: 35.13 | AR5: 47.52 | AS5: 46.4 | AT5: 34.13 | AU5: 37.61 | AV5: 51.62 | AW5: 20.44 | AX5: 51.06 | AY5: 42.85 | BA5: 46.79 | BB5: 31.99 | BC5: 42.76 | BD5: 45.63 | BE5: 45.63 | BF5: 36.2 | BG5: 45.63 | BH5: 37.48 | BI5: 37.46 | BJ5: 45.63 | BK5: 40.12 | BL5: 37.46 | BM5: 32.7 | BN5: 40.15 | BO5: 30 | BP5: 42.76 | BR5: 36 | BS5: 55.08 | BT5: 36 | BU5: 55.08 | BV5: 44.66 | BW5: 39.73 | BX5: 39.56 | BY5: 36 | BZ5: 39.56 | CA5: 49.21 | CB5: 36 | CC5: 40.66 | CD5: 44.39 | CE5: 48.57 | CF5: 49.78 | CG5: 36
B6: 43.73 | C6: 43.83 | D6: 46.1 | E6: 43.73 | F6: 33.33 | G6: 44.87 | H6: 50.92 | I6: 54.72 | J6: 43.83 | K6: 55.95 | L6: 54.72 | M6: 43.83 | N6: 43.73 | O6: 51.6 | P6: 50.64 | Q6: 60.49 | S6: 56.43 | T6: 35.71 | U6: 36.06 | V6: 35.67 | W6: 40.83 | X6: 38.57 | Y6: 42.75 | Z6: 32.35 | AA6: 43.06 | AB6: 34.44 | AC6: 35.71 | AD6: 35.38 | AE6: 38.99 | AF6: 27.45 | AG6: 36.06 | AH6: 32.05 | AJ6: 36.59 | AK6: 36.59 | AL6: 42.55 | AM6: 48.29 | AN6: 37.18 | AO6: 37.63 | AP6: 46.4 | AQ6: 46.4 | AR6: 51.06 | AS6: 42.85 | AT6: 19.38 | AU6: 35.13 | AV6: 50.79 | AW6: 35.13 | AX6: 53.71 | AY6: 42.55 | BA6: 31.99 | BB6: 46.79 | BC6: 40.46 | BD6: 37.79 | BE6: 45.59 | BF6: 42.76 | BG6: 39.91 | BH6: 31.99 | BI6: 39.54 | BJ6: 43.13 | BK6: 37.48 | BL6: 32.7 | BM6: 50.56 | BN6: 43.98 | BO6: 30 | BP6: 40.05 | BR6: 41.77 | BS6: 41.77 | BT6: 37.46 | BU6: 41.77 | BV6: 37.68 | BW6: 42.81 | BX6: 49.21 | BY6: 49.94 | BZ6: 39.73 | CA6: 42.81 | CB6: 36.85 | CC6: 39.73 | CD6: 42.51 | CE6: 44.44 | CF6: 60.32 | CG6: 38.8
B7: 41.2 | C7: 39.87 | D7: 53.09 | E7: 43.83 | F7: 43.83 | G7: 44.7 | H7: 53.09 | I7: 37.02 | J7: 42.31 | K7: 33.33 | L7: 44.71 | M7: 41.2 | N7: 43.73 | O7: 47.22 | P7: 43.83 | Q7: 62.01 | S7: 34.21 | T7: 31.52 | U7: 32.05 | V7: 35.67 | W7: 39.86 | X7: 38.99 | Y7: 28.43 | Z7: 35.71 | AA7: 33.33 | AB7: 34.21 | AC7: 32.35 | AD7: 32.35 | AE7: 40.26 | AF7: 30.2 | AG7: 48.05 | AH7: 31.81 | AJ7: 46.4 | AK7: 45.11 | AL7: 48.18 | AM7: 36.59 | AN7: 50.89 | AO7: 34.78 | AP7: 47.78 | AQ7: 34.13 | AR7: 48.29 | AS7: 32.91 | AT7: 35.13 | AU7: 36.59 | AV7: 39.73 | AW7: 21.51 | AX7: 28.4 | AY7: 41.93 | BA7: 45.63 | BB7: 34.44 | BC7: 37.79 | BD7: 33.63 | BE7: 37.46 | BF7: 44.95 | BG7: 47.72 | BH7: 46.79 | BI7: 34.94 | BJ7: 47.72 | BK7: 46.79 | BL7: 45.39 | BM7: 31.48 | BN7: 49.52 | BO7: 30 | BP7: 40.46 | BR7: 41.55 | BS7: 36 | BT7: 36.8 | BU7: 36 | BV7: 35.05 | BW7: 39.88 | BX7: 55.08 | BY7: 49.59 | BZ7: 42.51 | CA7: 43.41 | CB7: 32.99 | CC7: 37 | CD7: 35.34 | CE7: 46.02 | CF7: 47.45 | CG7: 46.02
B8: 43.83 | C8: 42.31 | D8: 46.12 | E8: 43.83 | F8: 44.87 | G8: 47.42 | H8: 39.87 | I8: 46.94 | J8: 49.38 | K8: 49.28 | L8: 55.95 | M8: 43.83 | N8: 41.36 | O8: 46.94 | P8: 41.36 | Q8: 48.15 | S8: 39.77 | T8: 56.43 | U8: 48.72 | V8: 39.86 | W8: 41.67 | X8: 30.95 | Y8: 35.32 | Z8: 34.44 | AA8: 37.78 | AB8: 28.43 | AC8: 36.6 | AD8: 24.26 | AE8: 39.86 | AF8: 38.1 | AG8: 37.61 | AH8: 41.35 | AJ8: 31.04 | AK8: 35.13 | AL8: 31.82 | AM8: 45.11 | AN8: 35.83 | AO8: 36.84 | AP8: 47.84 | AQ8: 19.38 | AR8: 36.59 | AS8: 47.99 | AT8: 30.95 | AU8: 33.95 | AV8: 31.82 | AW8: 35.71 | AX8: 36.42 | AY8: 41.77 | BA8: 43.13 | BB8: 43.13 | BC8: 39.81 | BD8: 46.79 | BE8: 43.8 | BF8: 45.59 | BG8: 45.59 | BH8: 40.12 | BI8: 40.46 | BJ8: 29.24 | BK8: 34.85 | BL8: 39.49 | BM8: 31.48 | BN8: 36.19 | BO8: 30 | BP8: 37.79 | BR8: 39.73 | BS8: 49.59 | BT8: 46.02 | BU8: 33.89 | BV8: 43.37 | BW8: 46.36 | BX8: 38.96 | BY8: 40.48 | BZ8: 37.95 | CA8: 36.59 | CB8: 44.66 | CC8: 43.27 | CD8: 42.51 | CE8: 44.44 | CF8: 40.8 | CG8: 36.8
B9: 43.83 | C9: 44.7 | D9: 60.49 | E9: 41.2 | F9: 43.83 | G9: 41.88 | H9: 41.01 | I9: 44.69 | J9: 53.09 | K9: 48.94 | L9: 53.09 | M9: 43.83 | N9: 50.57 | O9: 44.79 | P9: 41.51 | Q9: 53.21 | S9: 34.44 | T9: 34.21 | U9: 35.71 | V9: 36.6 | W9: 37.15 | X9: 38.99 | Y9: 40 | Z9: 34.21 | AA9: 35.57 | AB9: 42.75 | AC9: 34.44 | AD9: 33.33 | AE9: 38.99 | AF9: 34.21 | AG9: 40.26 | AH9: 41.27 | AJ9: 34.13 | AK9: 41.6 | AL9: 39.34 | AM9: 41.17 | AN9: 44.96 | AO9: 44.64 | AP9: 39.56 | AQ9: 51.21 | AR9: 36.42 | AS9: 38.88 | AT9: 51.21 | AU9: 44.59 | AV9: 36 | AW9: 34.13 | AX9: 48.41 | AY9: 39.34 | BA9: 44.69 | BB9: 43.5 | BC9: 40.05 | BD9: 31.99 | BE9: 40.46 | BF9: 40.46 | BG9: 39.54 | BH9: 34.85 | BI9: 39.49 | BJ9: 48.96 | BK9: 31.99 | BL9: 39.54 | BM9: 34.35 | BN9: 51.85 | BO9: 30 | BP9: 38.89 | BR9: 42.85 | BS9: 39.73 | BT9: 38.8 | BU9: 42.51 | BV9: 41.99 | BW9: 37.68 | BX9: 59.08 | BY9: 48.57 | BZ9: 45.02 | CA9: 36.8 | CB9: 37.68 | CC9: 42.85 | CD9: 42.51 | CE9: 40.61 | CF9: 42.51 | CG9: 39.88
B10: 42.59 | C10: 54.72 | D10: 43.83 | E10: 43.73 | F10: 40.79 | G10: 43.83 | H10: 43.83 | I10: 56.35 | J10: 43.83 | K10: 48.21 | L10: 53.04 | M10: 43.83 | N10: 50.64 | O10: 44.69 | P10: 41.54 | Q10: 41.51 | S10: 33.33 | T10: 35.71 | U10: 37.15 | V10: 40 | W10: 38.89 | X10: 40.26 | Y10: 46.03 | Z10: 38.99 | AA10: 40 | AB10: 33.33 | AC10: 38.57 | AD10: 43.06 | AE10: 36.6 | AF10: 34.85 | AG10: 41.67 | AH10: 42.24 | AJ10: 30.95 | AK10: 33.87 | AL10: 41.93 | AM10: 44.44 | AN10: 44.59 | AO10: 44.5 | AP10: 44.6 | AQ10: 33.87 | AR10: 37.21 | AS10: 36.85 | AT10: 35.25 | AU10: 31.94 | AV10: 34.78 | AW10: 28.33 | AX10: 35.33 | AY10: 35.1 | BA10: 34.44 | BB10: 42.95 | BC10: 38.1 | BD10: 42.86 | BE10: 33.93 | BF10: 45.59 | BG10: 45.46 | BH10: 51.85 | BI10: 45.39 | BJ10: 39.91 | BK10: 37.84 | BL10: 40.46 | BM10: 32.76 | BN10: 32.43 | BO10: 32.7 | BP10: 38.1 | BR10: 55.08 | BS10: 42.85 | BT10: 39.88 | BU10: 39.73 | BV10: 59.08 | BW10: 43.41 | BX10: 31.87 | BY10: 40.51 | BZ10: 47.14 | CA10: 39.56 | CB10: 49.94 | CC10: 36 | CD10: 39.96 | CE10: 42.52 | CF10: 45.09 | CG10: 34.85
B11: 44.7 | C11: 39.77 | D11: 44.7 | E11: 43.83 | F11: 41.54 | G11: 43.18 | H11: 62.01 | I11: 60.1 | J11: 43.73 | K11: 50.92 | L11: 44.7 | M11: 41.51 | N11: 43.73 | O11: 51.62 | P11: 43.73 | Q11: 42.31 | S11: 36.6 | T11: 34.43 | U11: 38.99 | V11: 37.88 | W11: 37.88 | X11: 40 | Y11: 39.61 | Z11: 31.52 | AA11: 36.6 | AB11: 32.59 | AC11: 38.99 | AD11: 39.61 | AE11: 38.99 | AF11: 56.43 | AG11: 34.21 | AH11: 35.71 | AJ11: 37.61 | AK11: 38.89 | AL11: 41.77 | AM11: 41.6 | AN11: 42.26 | AO11: 51.03 | AP11: 42.85 | AQ11: 41.6 | AR11: 44.36 | AS11: 47.84 | AT11: 46.4 | AU11: 29.33 | AV11: 40.89 | AW11: 33.24 | AX11: 44.36 | AY11: 51.01 | BA11: 41.67 | BB11: 31.99 | BC11: 30.7 | BD11: 39.91 | BE11: 40.87 | BF11: 48.21 | BG11: 42.26 | BH11: 43.98 | BI11: 32.7 | BJ11: 32.43 | BK11: 41.46 | BL11: 34.94 | BM11: 40.46 | BN11: 44.75 | BO11: 30 | BP11: 44.29 | BR11: 49.21 | BS11: 41.43 | BT11: 42.81 | BU11: 49.94 | BV11: 39.73 | BW11: 51.99 | BX11: 41.99 | BY11: 46.02 | BZ11: 40.66 | CA11: 47.05 | CB11: 42.85 | CC11: 39.88 | CD11: 42.52 | CE11: 47.62 | CF11: 44.98 | CG11: 37.46
B12: 42.31 | C12: 43.18 | D12: 43.18 | E12: 50.64 | F12: 50.92 | G12: 44.7 | H12: 50.64 | I12: 53.21 | J12: 43.83 | K12: 52.09 | L12: 41.36 | M12: 42.31 | N12: 41.36 | O12: 40 | P12: 42.31 | Q12: 53.09 | S12: 34.21 | T12: 39.77 | U12: 39.05 | V12: 38.1 | W12: 37.61 | X12: 38.99 | Y12: 45.64 | Z12: 38.57 | AA12: 34.29 | AB12: 35.57 | AC12: 31.52 | AD12: 36.6 | AE12: 40.67 | AF12: 43.7 | AG12: 38.89 | AH12: 30.95 | AJ12: 45.11 | AK12: 31.04 | AL12: 32.82 | AM12: 41.52 | AN12: 51.21 | AO12: 40.26 | AP12: 51.49 | AQ12: 32.64 | AR12: 41.27 | AS12: 47.84 | AT12: 32.64 | AU12: 47.52 | AV12: 34.78 | AW12: 38.63 | AX12: 40.4 | AY12: 47.58 | BA12: 48.96 | BB12: 38.89 | BC12: 40.87 | BD12: 44.69 | BE12: 45.97 | BF12: 45.59 | BG12: 42.26 | BH12: 37.84 | BI12: 43.33 | BJ12: 45.59 | BK12: 32.21 | BL12: 43.33 | BM12: 40.85 | BN12: 39.15 | BO12: 35.44 | BP12: 30.7 | BR12: 49.59 | BS12: 37.95 | BT12: 31.87 | BU12: 49.59 | BV12: 33.89 | BW12: 46.02 | BX12: 44.06 | BY12: 57.72 | BZ12: 39.88 | CA12: 44.06 | CB12: 46.02 | CC12: 38.6 | CD12: 40.8 | CE12: 46.07 | CF12: 42.51 | CG12: 44.06
B13: 43.83 | C13: 41.2 | D13: 43.83 | E13: 43.83 | F13: 44.7 | G13: 39.77 | H13: 50.57 | I13: 43.18 | J13: 41.2 | K13: 41.01 | L13: 53.09 | M13: 41.51 | N13: 41.51 | O13: 40.38 | P13: 41.36 | Q13: 44.7 | S13: 31.52 | T13: 38.57 | U13: 36.59 | V13: 32.35 | W13: 40.67 | X13: 35.5 | Y13: 36.6 | Z13: 31.83 | AA13: 24.26 | AB13: 39.77 | AC13: 34.44 | AD13: 34.21 | AE13: 40.26 | AF13: 38.47 | AG13: 39.86 | AH13: 38.1 | AJ13: 41.6 | AK13: 38.89 | AL13: 35.1 | AM13: 38.89 | AN13: 41.59 | AO13: 36.44 | AP13: 41.37 | AQ13: 35.25 | AR13: 55.56 | AS13: 41.37 | AT13: 35.07 | AU13: 28.4 | AV13: 39.34 | AW13: 48.02 | AX13: 42.43 | AY13: 31.82 | BA13: 43.5 | BB13: 41.67 | BC13: 36.79 | BD13: 43.33 | BE13: 30.56 | BF13: 44.95 | BG13: 39.91 | BH13: 40.69 | BI13: 37.79 | BJ13: 44.69 | BK13: 42.95 | BL13: 36.2 | BM13: 32.76 | BN13: 44.25 | BO13: 35.13 | BP13: 43.33 | BR13: 33.89 | BS13: 42.51 | BT13: 50 | BU13: 42.85 | BV13: 43.41 | BW13: 40 | BX13: 47.05 | BY13: 36.85 | BZ13: 49.59 | CA13: 42.04 | CB13: 39.73 | CC13: 37.68 | CD13: 38.96 | CE13: 48.29 | CF13: 43.37 | CG13: 39.73
B14: 53.09 | C14: 53.09 | D14: 42.24 | E14: 43.73 | F14: 44.7 | G14: 43.83 | H14: 41.36 | I14: 39.77 | J14: 50.97 | K14: 42.85 | L14: 39.77 | M14: 43.73 | N14: 41.51 | O14: 52.07 | P14: 50.64 | Q14: 43.83 | S14: 44.44 | T14: 36.67 | U14: 41.35 | V14: 43.29 | W14: 32.93 | X14: 42.24 | Y14: 36.59 | Z14: 30.2 | AA14: 40.26 | AB14: 36.67 | AC14: 34.43 | AD14: 35.57 | AE14: 38.99 | AF14: 38.38 | AG14: 37.61 | AH14: 36.59 | AJ14: 33.87 | AK14: 41.17 | AL14: 41.4 | AM14: 31.04 | AN14: 48.29 | AO14: 39.52 | AP14: 36.85 | AQ14: 45.11 | AR14: 47.58 | AS14: 47.78 | AT14: 41.6 | AU14: 35.33 | AV14: 44.64 | AW14: 29.54 | AX14: 56.06 | AY14: 48.29 | BA14: 32.43 | BB14: 30.7 | BC14: 43.5 | BD14: 34.44 | BE14: 45.59 | BF14: 44.95 | BG14: 39.91 | BH14: 39.87 | BI14: 37.48 | BJ14: 42.26 | BK14: 54.55 | BL14: 37.48 | BM14: 30.7 | BN14: 44.28 | BO14: 30.7 | BP14: 39.52 | BR14: 37 | BS14: 49.94 | BT14: 43.41 | BU14: 37.95 | BV14: 42.51 | BW14: 42.5 | BX14: 36.59 | BY14: 41.55 | BZ14: 42.74 | CA14: 46.07 | CB14: 44.66 | CC14: 42.04 | CD14: 40.8 | CE14: 36.36 | CF14: 42.51 | CG14: 60.03
B15: 41.51 | C15: 49.38 | D15: 43.83 | E15: 41.36 | F15: 43.83 | G15: 43.83 | H15: 42.31 | I15: 55.95 | J15: 44.71 | K15: 42.31 | L15: 53.04 | M15: 53.42 | N15: 43.83 | O15: 54.29 | P15: 42.31 | Q15: 54.68 | S15: 35.57 | T15: 37.61 | U15: 39.05 | V15: 34.43 | W15: 39.86 | X15: 38.99 | Y15: 40 | Z15: 34.21 | AA15: 36.6 | AB15: 42.22 | AC15: 42.24 | AD15: 39.77 | AE15: 42.24 | AF15: 38.1 | AG15: 37.61 | AH15: 41.27 | AJ15: 38.89 | AK15: 35.82 | AL15: 58.1 | AM15: 42.85 | AN15: 31.04 | AO15: 44.76 | AP15: 47.99 | AQ15: 30.95 | AR15: 51.03 | AS15: 42.51 | AT15: 45.11 | AU15: 38.56 | AV15: 36.84 | AW15: 32.64 | AX15: 33.86 | AY15: 42.24 | BA15: 42.95 | BB15: 40.69 | BC15: 45.59 | BD15: 43.13 | BE15: 37.88 | BF15: 37.91 | BG15: 39.54 | BH15: 34.44 | BI15: 34.1 | BJ15: 45.46 | BK15: 37 | BL15: 43.33 | BM15: 35.33 | BN15: 36.11 | BO15: 35.44 | BP15: 39.34 | BR15: 44.66 | BS15: 44.66 | BT15: 44.06 | BU15: 41.43 | BV15: 44.66 | BW15: 45.17 | BX15: 46.36 | BY15: 44.73 | BZ15: 49.59 | CA15: 38.96 | CB15: 35.05 | CC15: 34.85 | CD15: 40.8 | CE15: 47.65 | CF15: 47.45 | CG15: 59.55
B16: 39.87 | C16: 41.36 | D16: 62.01 | E16: 50.57 | F16: 44.21 | G16: 43.83 | H16: 42.31 | I16: 50.03 | J16: 53.09 | K16: 53.09 | L16: 49.38 | M16: 42.31 | N16: 41.51 | O16: 47.59 | P16: 43.83 | Q16: 53.04 | S16: 42.75 | T16: 36.6 | U16: 31.81 | V16: 35.67 | W16: 39.61 | X16: 38.99 | Y16: 42.24 | Z16: 39.77 | AA16: 41.27 | AB16: 44.44 | AC16: 38.57 | AD16: 37.61 | AE16: 38.99 | AF16: 39.05 | AG16: 37.61 | AH16: 32.05 | AJ16: 35.25 | AK16: 44.44 | AL16: 43.06 | AM16: 35.13 | AN16: 44.76 | AO16: 44.44 | AP16: 41.5 | AQ16: 36.59 | AR16: 53.71 | AS16: 20.44 | AT16: 31.04 | AU16: 47.84 | AV16: 42.55 | AW16: 40.35 | AX16: 36.39 | AY16: 35.46 | BA16: 33.63 | BB16: 39.87 | BC16: 39.49 | BD16: 34.1 | BE16: 40.46 | BF16: 42.86 | BG16: 32.7 | BH16: 37.33 | BI16: 45.97 | BJ16: 42.26 | BK16: 37.33 | BL16: 45.59 | BM16: 32.7 | BN16: 37.41 | BO16: 33.48 | BP16: 31.43 | BR16: 41.43 | BS16: 40.48 | BT16: 34.85 | BU16: 39.73 | BV16: 42.52 | BW16: 43.37 | BX16: 42.51 | BY16: 38.8 | BZ16: 45.02 | CA16: 40.61 | CB16: 49.59 | CC16: 37.95 | CD16: 42.51 | CE16: 41.16 | CF16: 42.04 | CG16: 55.78
... B24: 40.79 | C24: 50.83 | D24: 43.73 | E24: 43.73 | F24: 43.83 | G24: 43.83 | H24: 43.83 | I24: 44.7 | J24: 53.42 | K24: 62.01 | L24: 43.83 | M24: 44.71 | N24: 43.83 | O24: 56.35 | P24: 42.24 | Q24: 43.83 | S24: 35.67 | T24: 35.67 | U24: 40 | V24: 38.57 | W24: 33.33 | X24: 32.93 | Y24: 36.59 | Z24: 43.7 | AA24: 33.33 | AB24: 42.22 | AC24: 38.89 | AD24: 39.63 | AE24: 38.99 | AF24: 38.1 | AG24: 39.63 | AH24: 39.56 | AJ24: 19.38 | AK24: 42.85 | AL24: 35.25 | AM24: 36.42 | AN24: 50.26 | AO24: 47.52 | AP24: 44.55 | AQ24: 31.81 | AR24: 35.32 | AS24: 50.92 | AT24: 37.32 | AU24: 47.58 | AV24: 41.52 | AW24: 30.95 | AX24: 44.36 | AY24: 32.82 | BA24: 37.46 | BB24: 43.98 | BC24: 33.48 | BD24: 31.99 | BE24: 31.48 | BF24: 39.91 | BG24: 32.7 | BH24: 36.22 | BI24: 42.26 | BJ24: 39.54 | BK24: 44.75 | BL24: 31.48 | BM24: 32.97 | BN24: 47.2 | BO24: 30 | BP24: 36.79 | BR24: 37.95 | BS24: 36.59 | BT24: 46.36 | BU24: 38.8 | BV24: 43.44 | BW24: 40.89 | BX24: 42.81 | BY24: 39.73 | BZ24: 38.96 | CA24: 41.55 | CB24: 38.8 | CC24: 44.66 | CD24: 45.02 | CE24: 47.32 | CF24: 39.88 | CG24: 42.81
B26: 42.417 | C26: 42.9755 | D26: 42.928 | E26: 42.8075 | F26: 42.173 | G26: 44.4 | H26: 43.9905 | I26: 43.114 | J26: 43.4975 | K26: 44.456 | L26: 42.3295 | M26: 40.398 | N26: 41.48 | O26: 43.546 | P26: 45.374 | Q26: 44.6675
A28: Metrics | B28: eng | C28: fra | D28: ger | E28: ita | F28: spa | G28: mean | J28: eng | K28: fra | L28: ger | M28: ita | N28: spa | O28: mean | Q28: Column 1 | R28: eng | S28: fra | T28: ger | U28: ita | V28: spa | W28: mean | X28: Var
A29: f1_score_home | B29: 46.7155 | C29: 38.2205 | D29: 44.9875 | E29: 41.785 | F29: 43.9905 | G29: =AVERAGE(B29:F29) -> 43.1398 | I29: roi | J29: =B$52*B29+B$53 -> 0.50507653 | K29: =C$52*C29+C$53 -> 0.52054555 | L29: =D$52*D29+D$53 -> 1 | M29: =E$52*E29+E$53 -> 0.89142232 | N29: =F$52*F29+F$53 -> 0.72196543 | O29: =AVERAGE(J29:N29) -> 0.72780197 | Q29: f1_score_home | R29: 0.50507653 | S29: 0.52054555 | T29: 1 | U29: 0.89142232 | V29: 0.72196543 | W29: 0.72780197 | X29: =STDEV(R29:V29) -> 0.21992004 | AA29: =R29+R31+R33+R34 -> 2.7357175 | AB29: =S29+S31+S33+S34 -> 1.8774261 | AC29: =T29+T31+T33+T34 -> 2.7232841 | AD29: =U29+U31+U33+U34 -> 2.967679 | AE29: =V29+V31+V33+V34 -> 2.8355105
A30: gp_home | B30: 47.93 | C30: 37.914 | D30: 40.967 | E30: 41.7855 | F30: 44.456 | G30: =AVERAGE(B30:F30) -> 42.6105 | I30: f1_score | J30: =B$52*B30+B$53 -> 0.68911956 | K30: =C$52*C30+C$53 -> 0.41335898 | L30: =D$52*D30+D$53 -> 0.68245004 | M30: =E$52*E30+E$53 -> 0.89146992 | N30: =F$52*F30+F$53 -> 0.81551447 | O30: =AVERAGE(J30:N30) -> 0.69838259 | Q30: gp_home | R30: 0.68911956 | S30: 0.41335898 | T30: 0.68245004 | U30: 0.89146992 | V30: 0.81551447 | W30: 0.69838259 | X30: =STDEV(R30:V30) -> 0.18205816 | Z30: f1_score_home | AA30: =R29/AA$29 -> 0.18462305 | AB30: =S29/AB$29 -> 0.27726553 | AC30: =T29/AC$29 -> 0.3672037 | AD30: =U29/AD$29 -> 0.30037693 | AE30: =V29/AE$29 -> 0.25461568
A31: expected_error | B31: 45.0135 | C31: 38.2215 | D31: 41.758 | E31: 42.9255 | F31: 44.4 | G31: =AVERAGE(B31:F31) -> 42.4637 | I31: expected_roi | J31: =B$52*B31+B$53 -> 0.24715866 | K31: =C$52*C31+C$53 -> 0.52089526 | L31: =D$52*D31+D$53 -> 0.74492536 | M31: =E$52*E31+E$53 -> 1 | N31: =F$52*F31+F$53 -> 0.80426045 | O31: =AVERAGE(J31:N31) -> 0.66344795 | Q31: expected_f1_score | R31: 0.68411881 | S31: 0.46231859 | T31: 0.82643551 | U31: 0.55516946 | V31: 0.85801849 | W31: 0.67721217 | X31: =STDEV(R31:V31) -> 0.17035251 | Z31: expected_f1_score | AA31: =R31/AA$29 -> 0.25006924 | AB31: =S31/AB$29 -> 0.24625128 | AC31: =T31/AC$29 -> 0.30347018 | AD31: =U31/AD$29 -> 0.18707194 | AE31: =V31/AE$29 -> 0.30259754
A32: expected_f1_score | B32: 47.897 | C32: 38.054 | D32: 42.79 | E32: 38.253 | F32: 44.6675 | G32: =AVERAGE(B32:F32) -> 42.3323 | I32: test_accuracy | J32: =B$52*B32+B$53 -> 0.68411881 | K32: =C$52*C32+C$53 -> 0.46231859 | L32: =D$52*D32+D$53 -> 0.82643551 | M32: =E$52*E32+E$53 -> 0.55516946 | N32: =F$52*F32+F$53 -> 0.85801849 | O32: =AVERAGE(J32:N32) -> 0.67721217 | Q32: expected_error | R32: 0.24715866 | S32: 0.52089526 | T32: 0.74492536 | U32: 1 | V32: 0.80426045 | W32: 0.66344795 | X32: =STDEV(R32:V32) -> 0.28868324 | Z32: n_draw | AA32: =R33/AA$29 -> 0.36553481 | AB32: =S33/AB$29 -> 0.38642079 | AC32: =T33/AC$29 -> 0 | AD32: =U33/AD$29 -> 0.29776245 | AE32: =V33/AE$29 -> 0.22311209
A33: f1_score_away | B33: 46.989 | C33: 37.2155 | D33: 43.6815 | E33: 39.117 | F33: 43.4975 | G33: =AVERAGE(B33:F33) -> 42.1001 | I33: error | J33: =B$52*B33+B$53 -> 0.5465222 | K33: =C$52*C33+C$53 -> 0.1690855 | L33: =D$52*D33+D$53 -> 0.89684859 | M33: =E$52*E33+E$53 -> 0.63742384 | N33: =F$52*F33+F$53 -> 0.62288987 | O33: =AVERAGE(J33:N33) -> 0.574554 | Q33: n_draw | R33: 1 | S33: 0.72547648 | T33: 0 | U33: 0.88366337 | V33: 0.63263666 | W33: 0.6483553 | X33: =STDEV(R33:V33) -> 0.38909614 | Z33: f1_score_away | AA33: =R34/AA$29 -> 0.19977289 | AB33: =S34/AB$29 -> 0.090062401 | AC33: =T34/AC$29 -> 0.32932612 | AD33: =U34/AD$29 -> 0.21478868 | AE33: =V34/AE$29 -> 0.21967469
A34: expected_roi | B34: 46.6455 | C34: 37.9485 | D34: 41.493 | E34: 39.624 | F34: 42.928 | G34: =AVERAGE(B34:F34) -> 41.7278 | I34: expected_error | J34: =B$52*B34+B$53 -> 0.49446886 | K34: =C$52*C34+C$53 -> 0.42542403 | L34: =D$52*D34+D$53 -> 0.72399495 | M34: =E$52*E34+E$53 -> 0.68569117 | N34: =F$52*F34+F$53 -> 0.50844051 | O34: =AVERAGE(J34:N34) -> 0.5676039 | Q34: f1_score_away | R34: 0.5465222 | S34: 0.1690855 | T34: 0.89684859 | U34: 0.63742384 | V34: 0.62288987 | W34: 0.574554 | X34: =STDEV(R34:V34) -> 0.26237057
A35: error | B35: 44.7335 | C35: 38.437 | D35: 41.733 | E35: 40.391 | F35: 42.173 | G35: =AVERAGE(B35:F35) -> 41.4935 | I35: f1_score_home | J35: =B$52*B35+B$53 -> 0.20472799 | K35: =C$52*C35+C$53 -> 0.59625809 | L35: =D$52*D35+D$53 -> 0.74295079 | M35: =E$52*E35+E$53 -> 0.75871097 | N35: =F$52*F35+F$53 -> 0.35671222 | O35: =AVERAGE(J35:N35) -> 0.53187201 | Q35: expected_roi | R35: 0.49446886 | S35: 0.42542403 | T35: 0.72399495 | U35: 0.68569117 | V35: 0.50844051 | W35: 0.5676039 | X35: =STDEV(R35:V35) -> 0.12987197
A36: n_draw | B36: 49.9815 | C36: 38.8065 | D36: 32.3265 | E36: 41.7035 | F36: 43.546 | G36: =AVERAGE(B36:F36) -> 41.2728 | I36: f1_score_draw | J36: =B$52*B36+B$53 -> 1 | K36: =C$52*C36+C$53 -> 0.72547648 | L36: =D$52*D36+D$53 -> 0 | M36: =E$52*E36+E$53 -> 0.88366337 | N36: =F$52*F36+F$53 -> 0.63263666 | O36: =AVERAGE(J36:N36) -> 0.6483553 | Q36: gp_draw | R36: 0.83239885 | S36: 0.59835636 | T36: 0.25088856 | U36: 0.71501333 | V36: 0.38816318 | W36: 0.55696405 | X36: =STDEV(R36:V36) -> 0.23703015 | Z36: Creo que conviene usar roi pues el f1_score favorece a 0 y 2 y el assess es muy pequeño. Con meter un solo empate en el assess, el f1_score cambia banda pues promedia el f1_score de cada rdo.
A37: test_accuracy | B37: 44.675 | C37: 37.477 | D37: 41.615 | E37: 39.631 | F37: 42.8075 | G37: =AVERAGE(B37:F37) -> 41.2411 | I37: f1_score_away | J37: =B$52*B37+B$53 -> 0.19586301 | K37: =C$52*C37+C$53 -> 0.26053506 | L37: =D$52*D37+D$53 -> 0.73363083 | M37: =E$52*E37+E$53 -> 0.68635758 | N37: =F$52*F37+F$53 -> 0.48422428 | O37: =AVERAGE(J37:N37) -> 0.47212215 | Q37: f1_score_draw | R37: 0.93302015 | S37: 0.32051058 | T37: 0.26388121 | U37: 0.68116908 | V37: 0.54581994 | W37: 0.54888019 | X37: =STDEV(R37:V37) -> 0.27315304 | Z37: No es tan distinto de lo que da el roi.
A38: f1_score_draw | B38: 49.5395 | C38: 37.6485 | D38: 35.6675 | E38: 39.5765 | F38: 43.114 | G38: =AVERAGE(B38:F38) -> 41.1092 | I38: gp_home | J38: =B$52*B38+B$53 -> 0.93302015 | K38: =C$52*C38+C$53 -> 0.32051058 | L38: =D$52*D38+D$53 -> 0.26388121 | M38: =E$52*E38+E$53 -> 0.68116908 | N38: =F$52*F38+F$53 -> 0.54581994 | O38: =AVERAGE(J38:N38) -> 0.54888019 | Q38: error | R38: 0.20472799 | S38: 0.59625809 | T38: 0.74295079 | U38: 0.75871097 | V38: 0.35671222 | W38: 0.53187201 | X38: =STDEV(R38:V38) -> 0.24385441
A39: gp_draw | B39: 48.8755 | C39: 38.443 | D39: 35.503 | E39: 39.932 | F39: 42.3295 | G39: =AVERAGE(B39:F39) -> 41.0166 | I39: gp_draw | J39: =B$52*B39+B$53 -> 0.83239885 | K39: =C$52*C39+C$53 -> 0.59835636 | L39: =D$52*D39+D$53 -> 0.25088856 | M39: =E$52*E39+E$53 -> 0.71501333 | N39: =F$52*F39+F$53 -> 0.38816318 | O39: =AVERAGE(J39:N39) -> 0.55696405 | Q39: n_away | R39: 0.09948477 | S39: 0.67336947 | T39: 0.86873075 | U39: 0 | V39: 1 | W39: 0.528317 | X39: =STDEV(R39:V39) -> 0.45343757
A40: f1_score | B40: 45.8475 | C40: 36.732 | D40: 40.2245 | E40: 39.1235 | F40: 42.9755 | G40: =AVERAGE(B40:F40) -> 40.9806 | I40: gp_away | J40: =B$52*B40+B$53 -> 0.37354145 | K40: =C$52*C40+C$53 -> 0 | L40: =D$52*D40+D$53 -> 0.62380539 | M40: =E$52*E40+E$53 -> 0.63804265 | N40: =F$52*F40+F$53 -> 0.51798633 | O40: =AVERAGE(J40:N40) -> 0.43067516 | Q40: n_home | R40: 0.26663131 | S40: 1 | T40: 0.63786431 | U40: 0.30831112 | V40: 0.21744373 | W40: 0.48605009 | X40: =STDEV(R40:V40) -> 0.3313145
A41: n_away | B41: 44.039 | C41: 38.6575 | D41: 43.3255 | E41: 32.4215 | F41: 45.374 | G41: =AVERAGE(B41:F41) -> 40.7635 | I41: n_home | J41: =B$52*B41+B$53 -> 0.09948477 | K41: =C$52*C41+C$53 -> 0.67336947 | L41: =D$52*D41+D$53 -> 0.86873075 | M41: =E$52*E41+E$53 -> 0 | N41: =F$52*F41+F$53 -> 1 | O41: =AVERAGE(J41:N41) -> 0.528317 | Q41: test_accuracy | R41: 0.19586301 | S41: 0.26053506 | T41: 0.73363083 | U41: 0.68635758 | V41: 0.48422428 | W41: 0.47212215 | X41: =STDEV(R41:V41) -> 0.24265113
A42: n_home | B42: 45.142 | C42: 39.5915 | D42: 40.4025 | E42: 35.66 | F42: 41.48 | G42: =AVERAGE(B42:F42) -> 40.4552 | I42: n_draw | J42: =B$52*B42+B$53 -> 0.26663131 | K42: =C$52*C42+C$53 -> 1 | L42: =D$52*D42+D$53 -> 0.63786431 | M42: =E$52*E42+E$53 -> 0.30831112 | N42: =F$52*F42+F$53 -> 0.21744373 | O42: =AVERAGE(J42:N42) -> 0.48605009 | Q42: f1_score | R42: 0.37354145 | S42: 0 | T42: 0.62380539 | U42: 0.63804265 | V42: 0.51798633 | W42: 0.43067516 | X42: =STDEV(R42:V42) -> 0.26299675
A43: roi | B43: 43.3825 | C43: 37.665 | D43: 36.4675 | E43: 41.4005 | F43: 42.417 | G43: =AVERAGE(B43:F43) -> 40.2665 | I43: n_away | J43: =B$52*B43+B$53 -> 0 | K43: =C$52*C43+C$53 -> 0.32628082 | L43: =D$52*D43+D$53 -> 0.32706737 | M43: =E$52*E43+E$53 -> 0.85481721 | N43: =F$52*F43+F$53 -> 0.40574759 | O43: =AVERAGE(J43:N43) -> 0.3827826 | Q43: roi | R43: 0 | S43: 0.32628082 | T43: 0.32706737 | U43: 0.85481721 | V43: 0.40574759 | W43: 0.3827826 | X43: =STDEV(R43:V43) -> 0.30666073
A44: gp_away | B44: 44.628 | C44: 37.9065 | D44: 38.6825 | E44: 39.3955 | F44: 40.398 | G44: =AVERAGE(B44:F44) -> 40.2021 | I44: expected_f1_score | J44: =B$52*B44+B$53 -> 0.18874072 | K44: =C$52*C44+C$53 -> 0.41073614 | L44: =D$52*D44+D$53 -> 0.50201406 | M44: =E$52*E44+E$53 -> 0.66393755 | N44: =F$52*F44+F$53 -> 0 | O44: =AVERAGE(J44:N44) -> 0.35308569 | Q44: gp_away | R44: 0.18874072 | S44: 0.41073614 | T44: 0.50201406 | U44: 0.66393755 | V44: 0 | W44: 0.35308569 | X44: =STDEV(R44:V44) -> 0.26163471
A47: x1 | B47: =MIN(Table1_2[eng]) -> 43.3825 | C47: =MIN(Table1_2[fra]) -> 36.732 | D47: =MIN(Table1_2[ger]) -> 32.3265 | E47: =MIN(Table1_2[ita]) -> 32.4215 | F47: =MIN(Table1_2[spa]) -> 40.398 | Q47: Selecciono por pais pues varian y no me gusta la seleccion de modelos con las mismas metricas (los modelos que elige)
A48: y1 | B48: 0 | C48: 0 | D48: 0 | E48: 0 | F48: 0
A49: x2 | B49: =MAX(Table1_2[eng]) -> 49.9815 | C49: =MAX(Table1_2[fra]) -> 39.5915 | D49: =MAX(Table1_2[ger]) -> 44.9875 | E49: =MAX(Table1_2[ita]) -> 42.9255 | F49: =MAX(Table1_2[spa]) -> 45.374
A50: y2 | B50: 1 | C50: 1 | D50: 1 | E50: 1 | F50: 1
A52: m | B52: =(B50-B48)/(B49-B47) -> 0.15153811 | C52: =(C50-C48)/(C49-C47) -> 0.34971149 | D52: =(D50-D48)/(D49-D47) -> 0.078982703 | E52: =(E50-E48)/(E49-E47) -> 0.095201828 | F52: =(F50-F48)/(F49-F47) -> 0.20096463
A53: b | B53: =B50-B52*B49 -> -6.5741021 | C53: =C50-C52*C49 -> -12.845602 | D53: =D50-D52*D49 -> -2.5532343 | E53: =E50-E52*E49 -> -3.0865861 | F53: =F50-F52*F49 -> -8.1185691

Sheet Sheet28
A1: Paso 1: Definir kelly o linear
A3: Pongo el average del roi sin ea para linear y el avg de roi con ea para kelly (ambos usando m=10). Si kelly saca una gran ventaja, adentro.
B4: linear | G4: kelly
A5: england | B5: 0.66484846 | G5: 0.7404846 | H5: =(G5-B5)/B5 -> 0.11376449
A6: france | B6: 0.66430415 | G6: 0.73499073 | H6: =(G6-B6)/B6 -> 0.10640695
A7: germany | B7: 0.67680879 | G7: 0.79888994 | H7: =(G7-B7)/B7 -> 0.1803776
A8: italy | B8: 0.31763213 | G8: 0.38454983 | H8: =(G8-B8)/B8 -> 0.21067673
A9: spain | B9: 0.59812471 | G9: 0.6364065 | H9: =(G9-B9)/B9 -> 0.064003039
A11: Kelly es mejor pero hasta ahi. Es suficiente? Por ahora linear para no meter tanto cambio.
A13: Paso 2: Hacer exp con metricas con ea bien calculadas a ver si ahora tienen mas corr con roi de prod o no.
A14: Si tienen mas corr, pueden llegar a ser seleccionadas como metricas...
B15: No, ganan. Mantengo metricas.
A18: Paso 3: Reseleccionar modelos o ea de los modelos + actualizar preds.
B19: Los modelos selec no cambian pero si la ea. En la ea uso kelly y maximizo Ex roi en un 90% (gracias a que ahora tengo la normalizacion del roi y ex roi)
B20: Median x ea | G20: Eng | H20: fra | I20: ger | J20: ita | K20: spa
B21: Ex roi 90% | G21: 2.575
K23: Con kelly
A24: x ea | H24: roi | I24: ex_roi | K24: roi_weight | L24: x_roi | M24: x_ex_roi
A25: 0 | B25: 0 | H25: =AVERAGE(#REF!) -> #REF! | I25: =AVERAGE(#REF!) -> #REF! | K25: 0,5
A26: 4.52 | B26: 1.19 | K26: 0,4
A27: 12.04 | B27: 2.19 | K27: 0,2
A28: 0.63 | B28: 0.05 | K28: 0,1
A29: 1.46 | B29: 0.35
A30: 7.88 | B30: 6.42 | K30: Pero no me gusta el m entre las ligas. Hay demasiada dif y no se condice con lo historico. GER queda con m=10 y fra con 60...
A31: 0.67 | B31: 0.03 | K31: country | L31: n_model | M31: m
A32: 0 | B32: 0 | K32: england | L32: 6293 | M32: 20
A33: 2.31 | B33: 0.58 | K33: france | L33: 3960 | M33: 60
A34: 3.8 | B34: 0.77 | K34: germany | L34: 3032 | M34: 10
A35: 0 | B35: 0 | K35: italy | L35: 2114 | M35: 40
A36: 5.86 | B36: 2.53 | K36: spain | L36: 2232 | M36: 10
A37: 0 | B37: 0
A38: 4.13 | B38: 0.78
A39: 5.89 | B39: 1
A40: 7.23 | B40: 3.9
A41: 3.39 | B41: 0.61 | K41: Con linear
A42: 2.18 | B42: 0.69 | K42: roi_weight | L42: x_roi | M42: x_ex_roi
A43: 8.47 | B43: 4.59 | K43: 0.8 | L43: 5.2769 | M43: -3.3145
A44: 1.59 | B44: 0.24 | K44: 0.7
A45: 0 | B45: 0 | K45: 0.5 | L45: 4.0235 | M45: -0.9597
A46: 0 | B46: 0 | K46: 0.4 | L46: 3.2705 | M46: 0.587
A47: 0 | B47: 0 | K47: 0.3 | L47: 2.5689 | M47: 1.3572
A48: 6.91 | B48: 2.88 | K48: 0.2 | L48: 2.4342 | M48: 1.5153
A49: 1.49 | B49: 0.05 | K49: 0.1 | L49: 2.0671 | M49: 1.6288
A50: 0.63 | B50: 0.01
A51: 0 | B51: 0 | K51: La otra seria con linear definir el m y con kelly para el stake...
A52: 0 | B52: 0
A53: 0 | B53: 0
A54: 1.18 | B54: 0.17 | L54: prob | N54: m | O54: stake | P54: Dif G/P | R54: porc_m | S54: 0.15
A55: 0.64 | B55: -0.12 | K55: eng | L55: 0.76 | N55: 10 | O55: =N55*L55*$S$54 -> 1.14 | P55: -0.25
A56: 1.64 | B56: 0.44 | L56: 0.63 | N56: 10 | O56: =N56*L56*$S$54 -> 0.945 | P56: -2.81
A57: 0 | B57: 0 | L57: 0.56 | N57: 10 | O57: =N57*L57*$S$54 -> 0.84 | P57: =6.7-O57 -> 5.86 | R57: dif G/P | S57: =SUM(P55:P74) -> 9.42
A58: 0 | B58: 0 | K58: spa | L58: 0.57 | N58: 10 | O58: =N58*L58*$S$54 -> 0.855 | P58: -3,9
A59: 0 | B59: 0 | L59: 0.4 | N59: 120 | O59: =N59*L59*$S$54 -> 7.2 | P59: -0.8
A60: 1.38 | B60: 0.63 | L60: 0.64 | N60: 10 | O60: =N60*L60*$S$54 -> 0.96 | P60: -2,66
A61: 0.65 | B61: 0.02 | K61: ita | L61: 0.42 | N61: 10 | O61: =N61*L61*$S$54 -> 0.63 | P61: 0
A62: 0 | B62: 0 | L62: 0.62 | N62: 80 | O62: =N62*L62*$S$54 -> 7.44 | P62: =7.11 -> 7.11
A63: 3.79 | B63: 1.84 | L63: 0.8 | N63: 10 | O63: =N63*L63*$S$54 -> 1.2 | P63: -3.9
A64: 0 | B64: 0 | K64: ger | L64: 0.42 | N64: 80 | O64: =N64*L64*$S$54 -> 5.04 | P64: -4.68
A65: 5.71 | B65: 12.05 | L65: 0.8 | N65: 100 | O65: =N65*L65*$S$54 -> 12 | P65: =0.9 -> 0.9
A66: 0 | B66: 0 | L66: 0.7 | N66: 5 | O66: =N66*L66*$S$54 -> 0.525 | P66: =10.7 -> 10.7
A67: 0 | B67: 0 | L67: 0.75 | N67: 5 | O67: =N67*L67*$S$54 -> 0.5625 | P67: =1.6 -> 1.6
A68: 0 | B68: 0 | L68: 0.53 | N68: 5 | O68: =N68*L68*$S$54 -> 0.3975 | P68: =2 -> 2
A69: 5.44 | B69: 6.02 | L69: 0.46 | N69: 80 | O69: =N69*L69*$S$54 -> 5.52 | P69: -4.37
A70: 0 | B70: 0 | K70: fra | L70: 0.66 | N70: 100 | O70: =N70*L70*$S$54 -> 9.9 | P70: -0.5
A71: 2.26 | B71: 1.77 | L71: 0.5 | N71: 5 | O71: =N71*L71*$S$54 -> 0.375 | P71: -1.44
A72: 0 | B72: 0
A73: 3.71 | B73: 2.83
A74: 4.23 | B74: 1.63
A75: 1.27 | B75: 10.76
A76: 1.58 | B76: 0.49
A77: 1.73 | B77: 0.91
A78: 2.14 | B78: 0.97
A79: 0 | B79: 0
A80: 0 | B80: 0
A81: -0.48 | B81: 16.26
A82: 1.23 | B82: 0.1
A83: 0 | B83: 0
... A88: -0.2 | B88: 6.53
A89: 2.72 | B89: 0.66 | K89: SEMANA 35
A90: 3.62 | B90: 0.95 | K90: metricas comunes a todos los paises pero con ≠ peso: f1 score_draw, f1_score_away y expected_error
A91: 2.71 | B91: 0.77 | K91: england | L91: 506 | M91: 1119
A92: 1.85 | B92: 0.52 | K92: france | L92: 918 | M92: 1083
A93: 4.72 | B93: 2.03 | K93: germany | L93: 900 | M93: 457
A94: 2.49 | B94: 0.55 | K94: italy | L94: 112
A95: 4.39 | B95: 2.15 | K95: spain | L95: 1135
A96: 3.12 | B96: 1.59
A97: 2.71 | B97: 4.19
A98: 3.74 | B98: 3.15
A99: 1.26 | B99: 0.21
A100: 5.08 | B100: 17.28
A101: 1.23 | B101: 0.33
A102: 4.36 | B102: 4.08
A103: 3.19 | B103: 2.93
A104: 2.77 | B104: 2.09
A105: 2.81 | B105: 2.32
A106: 3.73 | B106: 9.35
A107: 0.58 | B107: 0.03
... A124: 2.37 | B124: 0.72
